w0,w1,w2,w3,a0,a1,a2,a3,b0,b1,b2,b3,direction
208,400,192,400,,,,,,,,,0
200,400,200,400,,,,,,,,,0
192,400,208,400,,,,,,,,,0
184,400,216,400,,,,,,,,,0
176,400,224,400,,,,,,,,,0
168,400,232,400,,,,,,,,,0
160,400,240,400,,,,,,,,,0
152,400,248,400,,,,,,,,,0
144,400,256,400,,,,,,,,,0
136,400,264,400,,,,,,,,,0
128,400,272,400,,,,,,,,,0
120,400,280,400,,,,,,,,,0
112,400,288,400,,,,,,,,,0
104,400,296,400,,,,,,,,,0
96,400,304,400,,,,,,,,,0
88,400,312,400,,,,,,,,,0
80,400,320,400,,,,,,,,,0
72,400,328,400,,,,,,,,,0
64,400,336,400,,,,,,,,,0
56,400,344,400,,,,,,,,,0
48,400,352,400,,,,,,,,,0
40,400,360,400,0.0,1.0,0.0,0.0,,,,,1
40,392,360,408,0.0,1.0,0.0,0.0,,,,,1
40,384,360,416,0.0,1.0,0.0,0.0,,,,,1
40,376,360,424,0.0,1.0,0.0,0.0,,,,,1
40,368,360,432,0.0,1.0,0.0,0.0,,,,,1
40,360,360,440,0.0,1.0,0.0,0.0,,,,,1
40,352,360,448,0.0,1.0,0.0,0.0,,,,,1
40,344,360,456,0.0,1.0,0.0,0.0,,,,,1
40,336,360,464,0.0,1.0,0.0,0.0,,,,,1
40,328,360,472,0.0,1.0,0.0,0.0,,,,,1
40,320,360,480,0.0,1.0,0.0,0.0,,,,,1
40,312,360,488,0.0,1.0,0.0,0.0,,,,,1
40,304,360,496,0.0,1.0,0.0,0.0,,,,,1
40,296,360,504,0.0,1.0,0.0,0.0,,,,,2
48,296,352,504,,,,,1.0,0.0,0.0,0.0,2
56,296,344,504,,,,,1.0,0.0,0.0,0.0,2
64,296,336,504,,,,,1.0,0.0,0.0,0.0,2
72,296,328,504,,,,,1.0,0.0,0.0,0.0,2
80,296,320,504,,,,,1.0,0.0,0.0,0.0,2
88,296,312,504,,,,,1.0,0.0,0.0,0.0,2
96,296,304,504,,,,,1.0,0.0,0.0,0.0,2
104,296,296,504,,,,,1.0,0.0,0.0,0.0,2
112,296,288,504,,,,,1.0,0.0,0.0,0.0,2
120,296,280,504,,,,,1.0,0.0,0.0,0.0,2
128,296,272,504,,,,,1.0,0.0,0.0,0.0,2
136,296,264,504,,,,,1.0,0.0,0.0,0.0,2
144,296,256,504,,,,,1.0,0.0,0.0,0.0,2
152,296,248,504,,,,,1.0,0.0,0.0,0.0,2
160,296,240,504,,,,,1.0,0.0,0.0,0.0,2
168,296,232,504,,,,,1.0,0.0,0.0,0.0,2
176,296,224,504,,,,,1.0,0.0,0.0,0.0,2
184,296,216,504,,,,,1.0,0.0,0.0,0.0,2
192,296,208,504,,,,,1.0,0.0,0.0,0.0,2
200,296,200,504,,,,,1.0,0.0,0.0,0.0,2
208,296,192,504,,,,,1.0,0.0,0.0,0.0,2
216,296,184,504,,,,,1.0,0.0,0.0,0.0,2
224,296,176,504,,,,,1.0,0.0,0.0,0.0,2
232,296,168,504,,,,,1.0,0.0,0.0,0.0,2
240,296,160,504,,,,,1.0,0.0,0.0,0.0,2
248,296,152,504,,,,,1.0,0.0,0.0,0.0,2
256,296,144,504,,,,,1.0,0.0,0.0,0.0,2
264,296,136,504,,,,,1.0,0.0,0.0,0.0,2
272,296,128,504,,,,,1.0,0.0,0.0,0.0,2
280,296,120,504,,,,,1.0,0.0,0.0,0.0,2
288,296,112,504,,,,,1.0,0.0,0.0,0.0,2
296,296,104,504,,,,,1.0,0.0,0.0,0.0,2
304,296,96,504,,,,,1.0,0.0,0.0,0.0,2
312,296,88,504,,,,,1.0,0.0,0.0,0.0,2
320,296,80,504,,,,,1.0,0.0,0.0,0.0,2
328,296,72,504,,,,,1.0,0.0,0.0,0.0,2
336,296,64,504,,,,,1.0,0.0,0.0,0.0,2
344,296,56,504,,,,,1.0,0.0,0.0,0.0,2
352,296,48,504,,,,,1.0,0.0,0.0,0.0,2
360,296,40,504,0.0,0.0,0.0,1.0,1.0,0.0,0.0,0.0,3
360,304,40,496,0.0,0.0,0.0,1.0,0.0,1.0,0.0,0.0,3
360,312,40,488,0.0,0.0,0.0,1.0,0.0,1.0,0.0,0.0,3
360,320,40,480,0.0,0.0,0.0,1.0,0.0,1.0,0.0,0.0,3
360,328,40,472,0.0,0.0,0.0,1.0,0.0,1.0,0.0,0.0,3
360,336,40,464,0.0,0.0,0.0,1.0,0.0,1.0,0.0,0.0,3
360,344,40,456,0.0,0.0,0.0,1.0,0.0,1.0,0.0,0.0,3
360,352,40,448,0.0,0.0,0.0,1.0,0.0,1.0,0.0,0.0,3
360,360,40,440,0.0,0.0,0.0,1.0,0.0,1.0,0.0,0.0,3
360,368,40,432,0.0,0.0,0.0,1.0,0.0,1.0,0.0,0.0,3
360,376,40,424,0.0,0.0,0.0,1.0,0.0,1.0,0.0,0.0,3
360,384,40,416,0.0,0.0,0.0,1.0,0.0,1.0,0.0,0.0,3
360,392,40,408,0.0,0.0,0.0,1.0,0.0,1.0,0.0,0.0,3
360,400,40,400,0.0,0.0,0.0,1.0,0.0,1.0,0.0,0.0,3
360,408,40,392,0.0,0.0,0.0,1.0,0.0,1.0,0.0,0.0,3
360,416,40,384,0.0,0.0,0.0,1.0,0.0,1.0,0.0,0.0,3
360,424,40,376,0.0,0.0,0.0,1.0,0.0,1.0,0.0,0.0,3
360,432,40,368,0.0,0.0,0.0,1.0,0.0,1.0,0.0,0.0,3
360,440,40,360,0.0,0.0,0.0,1.0,0.0,1.0,0.0,0.0,3
360,448,40,352,0.0,0.0,0.0,1.0,0.0,1.0,0.0,0.0,3
360,456,40,344,0.0,0.0,0.0,1.0,0.0,1.0,0.0,0.0,3
360,464,40,336,0.0,0.0,0.0,1.0,0.0,1.0,0.0,0.0,3
360,472,40,328,0.0,0.0,0.0,1.0,0.0,1.0,0.0,0.0,3
360,480,40,320,0.0,0.0,0.0,1.0,0.0,1.0,0.0,0.0,3
360,488,40,312,0.0,0.0,0.0,1.0,0.0,1.0,0.0,0.0,3
360,496,40,304,0.0,0.0,0.0,1.0,0.0,1.0,0.0,0.0,3
360,504,40,296,0.0,0.0,0.0,1.0,0.0,1.0,0.0,0.0,3
360,512,40,288,0.0,0.0,0.0,1.0,0.0,1.0,0.0,0.0,3
360,520,40,280,0.0,0.0,0.0,1.0,0.0,1.0,0.0,0.0,3
360,528,40,272,0.0,0.0,0.0,1.0,0.0,1.0,0.0,0.0,3
360,536,40,264,0.0,0.0,0.0,1.0,0.0,1.0,0.0,0.0,3
360,544,40,256,0.0,0.0,0.0,1.0,0.0,1.0,0.0,0.0,3
360,552,40,248,0.0,0.0,0.0,1.0,0.0,1.0,0.0,0.0,3
360,560,40,240,0.0,0.0,0.0,1.0,0.0,1.0,0.0,0.0,3
360,568,40,232,0.0,0.0,0.0,1.0,0.0,1.0,0.0,0.0,3
360,576,40,224,0.0,0.0,0.0,1.0,0.0,1.0,0.0,0.0,3
360,584,40,216,0.0,0.0,0.0,1.0,0.0,1.0,0.0,0.0,3
360,592,40,208,0.0,0.0,0.0,1.0,0.0,1.0,0.0,0.0,3
360,600,40,200,0.0,0.0,0.0,1.0,0.0,1.0,0.0,0.0,3
360,608,40,192,0.0,0.0,0.0,1.0,0.0,1.0,0.0,0.0,3
360,616,40,184,0.0,0.0,0.0,1.0,0.0,1.0,0.0,0.0,0
352,616,48,184,,,,,0.0,0.0,1.0,0.0,0
344,616,56,184,,,,,0.0,0.0,1.0,0.0,0
336,616,64,184,,,,,0.0,0.0,1.0,0.0,0
328,616,72,184,,,,,0.0,0.0,1.0,0.0,0
320,616,80,184,,,,,0.0,0.0,1.0,0.0,0
312,616,88,184,,,,,0.0,0.0,1.0,0.0,0
304,616,96,184,,,,,0.0,0.0,1.0,0.0,0
296,616,104,184,0.0,1.0,0.0,0.0,0.0,0.0,1.0,0.0,1
296,608,104,192,0.0,1.0,0.0,0.0,0.0,0.0,0.0,1.0,1
296,600,104,200,0.0,1.0,0.0,0.0,0.0,0.0,0.0,1.0,1
296,592,104,208,0.0,1.0,0.0,0.0,0.0,0.0,0.0,1.0,1
296,584,104,216,0.0,1.0,0.0,0.0,0.0,0.0,0.0,1.0,1
296,576,104,224,0.0,1.0,0.0,0.0,0.0,0.0,0.0,1.0,1
296,568,104,232,0.0,1.0,0.0,0.0,0.0,0.0,0.0,1.0,1
296,560,104,240,0.0,1.0,0.0,0.0,0.0,0.0,0.0,1.0,1
296,552,104,248,0.0,1.0,0.0,0.0,0.0,0.0,0.0,1.0,1
296,544,104,256,0.0,1.0,0.0,0.0,0.0,0.0,0.0,1.0,1
296,536,104,264,0.0,1.0,0.0,0.0,0.0,0.0,0.0,1.0,1
296,528,104,272,0.0,1.0,0.0,0.0,0.0,0.0,0.0,1.0,1
296,520,104,280,0.0,1.0,0.0,0.0,0.0,0.0,0.0,1.0,1
296,512,104,288,0.0,1.0,0.0,0.0,0.0,0.0,0.0,1.0,1
296,504,104,296,0.0,1.0,0.0,0.0,0.0,0.0,0.0,1.0,1
296,496,104,304,0.0,1.0,0.0,0.0,0.0,0.0,0.0,1.0,1
296,488,104,312,0.0,1.0,0.0,0.0,0.0,0.0,0.0,1.0,1
296,480,104,320,0.0,1.0,0.0,0.0,0.0,0.0,0.0,1.0,1
296,472,104,328,0.0,1.0,0.0,0.0,0.0,0.0,0.0,1.0,1
296,464,104,336,0.0,1.0,0.0,0.0,0.0,0.0,0.0,1.0,1
296,456,104,344,0.0,1.0,0.0,0.0,0.0,0.0,0.0,1.0,1
296,448,104,352,0.0,1.0,0.0,0.0,0.0,0.0,0.0,1.0,1
296,440,104,360,0.0,1.0,0.0,0.0,0.0,0.0,0.0,1.0,1
296,432,104,368,0.0,1.0,0.0,0.0,0.0,0.0,0.0,1.0,1
296,424,104,376,0.0,1.0,0.0,0.0,0.0,0.0,0.0,1.0,1
296,416,104,384,0.0,1.0,0.0,0.0,0.0,0.0,0.0,1.0,0
288,416,112,384,,,,,0.0,0.0,1.0,0.0,0
280,416,120,384,,,,,0.0,0.0,1.0,0.0,0
272,416,128,384,,,,,0.0,0.0,1.0,0.0,0
264,416,136,384,,,,,0.0,0.0,1.0,0.0,0
256,416,144,384,,,,,0.0,0.0,1.0,0.0,0
248,416,152,384,,,,,0.0,0.0,1.0,0.0,0
240,416,160,384,,,,,0.0,0.0,1.0,0.0,0
232,416,168,384,,,,,0.0,0.0,1.0,0.0,0
224,416,176,384,,,,,0.0,0.0,1.0,0.0,0
216,416,184,384,,,,,0.0,0.0,1.0,0.0,0
208,416,192,384,,,,,0.0,0.0,1.0,0.0,0
200,416,200,384,,,,,0.0,0.0,1.0,0.0,0
192,416,208,384,,,,,0.0,0.0,1.0,0.0,0
184,416,216,384,,,,,0.0,0.0,1.0,0.0,0
176,416,224,384,,,,,0.0,0.0,1.0,0.0,0
168,416,232,384,,,,,0.0,0.0,1.0,0.0,0
160,416,240,384,,,,,0.0,0.0,1.0,0.0,0
152,416,248,384,,,,,0.0,0.0,1.0,0.0,0
144,416,256,384,,,,,0.0,0.0,1.0,0.0,0
136,416,264,384,,,,,0.0,0.0,1.0,0.0,0
128,416,272,384,,,,,0.0,0.0,1.0,0.0,0
120,416,280,384,,,,,0.0,0.0,1.0,0.0,0
112,416,288,384,,,,,0.0,0.0,1.0,0.0,0
104,416,296,384,,,,,0.0,0.0,1.0,0.0,0
96,416,304,384,,,,,0.0,0.0,1.0,0.0,0
88,416,312,384,,,,,0.0,0.0,1.0,0.0,0
80,416,320,384,,,,,0.0,0.0,1.0,0.0,0
72,416,328,384,0.0,1.0,0.0,0.0,0.0,0.0,1.0,0.0,1
72,408,328,392,0.0,1.0,0.0,0.0,0.0,0.0,0.0,1.0,1
72,400,328,400,0.0,1.0,0.0,0.0,0.0,0.0,0.0,1.0,1
72,392,328,408,0.0,1.0,0.0,0.0,0.0,0.0,0.0,1.0,1
72,384,328,416,0.0,1.0,0.0,0.0,0.0,0.0,0.0,1.0,1
72,376,328,424,0.0,1.0,0.0,0.0,0.0,0.0,0.0,1.0,1
72,368,328,432,0.0,1.0,0.0,0.0,0.0,0.0,0.0,1.0,1
72,360,328,440,0.0,1.0,0.0,0.0,0.0,0.0,0.0,1.0,1
72,352,328,448,0.0,1.0,0.0,0.0,0.0,0.0,0.0,1.0,1
72,344,328,456,0.0,1.0,0.0,0.0,0.0,0.0,0.0,1.0,1
72,336,328,464,0.0,1.0,0.0,0.0,0.0,0.0,0.0,1.0,1
72,328,328,472,0.0,1.0,0.0,0.0,0.0,0.0,0.0,1.0,1
72,320,328,480,0.0,1.0,0.0,0.0,0.0,0.0,0.0,1.0,1
72,312,328,488,0.0,1.0,0.0,0.0,0.0,0.0,0.0,1.0,1
72,304,328,496,0.0,1.0,0.0,0.0,0.0,0.0,0.0,1.0,1
72,296,328,504,0.0,1.0,0.0,0.0,0.0,0.0,0.0,1.0,1
72,288,328,512,0.0,1.0,0.0,0.0,0.0,0.0,0.0,1.0,1
72,280,328,520,0.0,1.0,0.0,0.0,0.0,0.0,0.0,1.0,1
72,272,328,528,0.0,1.0,0.0,0.0,0.0,0.0,0.0,1.0,1
72,264,328,536,0.0,1.0,0.0,0.0,0.0,0.0,0.0,1.0,1
72,256,328,544,0.0,1.0,0.0,0.0,0.0,0.0,0.0,1.0,1
72,248,328,552,0.0,1.0,0.0,0.0,0.0,0.0,0.0,1.0,1
72,240,328,560,0.0,1.0,0.0,0.0,0.0,0.0,0.0,1.0,2
80,240,320,560,,,,,1.0,0.0,0.0,0.0,2
88,240,312,560,,,,,1.0,0.0,0.0,0.0,2
96,240,304,560,,,,,1.0,0.0,0.0,0.0,2
104,240,296,560,,,,,1.0,0.0,0.0,0.0,2
112,240,288,560,,,,,1.0,0.0,0.0,0.0,2
120,240,280,560,,,,,1.0,0.0,0.0,0.0,2
128,240,272,560,,,,,1.0,0.0,0.0,0.0,2
136,240,264,560,,,,,1.0,0.0,0.0,0.0,2
144,240,256,560,,,,,1.0,0.0,0.0,0.0,2
152,240,248,560,,,,,1.0,0.0,0.0,0.0,2
160,240,240,560,,,,,1.0,0.0,0.0,0.0,2
168,240,232,560,,,,,1.0,0.0,0.0,0.0,2
176,240,224,560,,,,,1.0,0.0,0.0,0.0,2
184,240,216,560,,,,,1.0,0.0,0.0,0.0,2
192,240,208,560,,,,,1.0,0.0,0.0,0.0,2
200,240,200,560,,,,,1.0,0.0,0.0,0.0,2
208,240,192,560,,,,,1.0,0.0,0.0,0.0,2
216,240,184,560,,,,,1.0,0.0,0.0,0.0,2
224,240,176,560,,,,,1.0,0.0,0.0,0.0,2
232,240,168,560,,,,,1.0,0.0,0.0,0.0,2
240,240,160,560,,,,,1.0,0.0,0.0,0.0,2
248,240,152,560,,,,,1.0,0.0,0.0,0.0,2
256,240,144,560,,,,,1.0,0.0,0.0,0.0,2
264,240,136,560,,,,,1.0,0.0,0.0,0.0,2
272,240,128,560,,,,,1.0,0.0,0.0,0.0,2
280,240,120,560,,,,,1.0,0.0,0.0,0.0,2
288,240,112,560,,,,,1.0,0.0,0.0,0.0,2
296,240,104,560,,,,,1.0,0.0,0.0,0.0,2
304,240,96,560,,,,,1.0,0.0,0.0,0.0,2
312,240,88,560,0.0,0.0,0.0,1.0,1.0,0.0,0.0,0.0,3
312,248,88,552,0.0,0.0,0.0,1.0,0.0,1.0,0.0,0.0,3
312,256,88,544,0.0,0.0,0.0,1.0,0.0,1.0,0.0,0.0,3
312,264,88,536,0.0,0.0,0.0,1.0,0.0,1.0,0.0,0.0,3
312,272,88,528,0.0,0.0,0.0,1.0,0.0,1.0,0.0,0.0,3
312,280,88,520,0.0,0.0,0.0,1.0,0.0,1.0,0.0,0.0,3
312,288,88,512,0.0,0.0,0.0,1.0,0.0,1.0,0.0,0.0,3
312,296,88,504,0.0,0.0,0.0,1.0,0.0,1.0,0.0,0.0,3
312,304,88,496,0.0,0.0,0.0,1.0,0.0,1.0,0.0,0.0,3
312,312,88,488,0.0,0.0,0.0,1.0,0.0,1.0,0.0,0.0,3
312,320,88,480,0.0,0.0,0.0,1.0,0.0,1.0,0.0,0.0,3
312,328,88,472,0.0,0.0,0.0,1.0,0.0,1.0,0.0,0.0,3
312,336,88,464,0.0,0.0,0.0,1.0,0.0,1.0,0.0,0.0,3
312,344,88,456,0.0,0.0,0.0,1.0,0.0,1.0,0.0,0.0,3
312,352,88,448,0.0,0.0,0.0,1.0,0.0,1.0,0.0,0.0,3
312,360,88,440,0.0,0.0,0.0,1.0,0.0,1.0,0.0,0.0,3
312,368,88,432,0.0,0.0,0.0,1.0,0.0,1.0,0.0,0.0,3
312,376,88,424,0.0,0.0,0.0,1.0,0.0,1.0,0.0,0.0,3
312,384,88,416,0.0,0.0,0.0,1.0,0.0,1.0,0.0,0.0,3
312,392,88,408,0.0,0.0,0.0,1.0,0.0,1.0,0.0,0.0,3
312,400,88,400,0.0,0.0,0.0,1.0,0.0,1.0,0.0,0.0,3
312,408,88,392,0.0,0.0,0.0,1.0,0.0,1.0,0.0,0.0,3
312,416,88,384,0.0,0.0,0.0,1.0,0.0,1.0,0.0,0.0,3
312,424,88,376,0.0,0.0,0.0,1.0,0.0,1.0,0.0,0.0,3
312,432,88,368,0.0,0.0,0.0,1.0,0.0,1.0,0.0,0.0,3
312,440,88,360,0.0,0.0,0.0,1.0,0.0,1.0,0.0,0.0,3
312,448,88,352,0.0,0.0,0.0,1.0,0.0,1.0,0.0,0.0,3
312,456,88,344,0.0,0.0,0.0,1.0,0.0,1.0,0.0,0.0,3
312,464,88,336,0.0,0.0,0.0,1.0,0.0,1.0,0.0,0.0,3
312,472,88,328,0.0,0.0,0.0,1.0,0.0,1.0,0.0,0.0,3
312,480,88,320,0.0,0.0,0.0,1.0,0.0,1.0,0.0,0.0,3
312,488,88,312,0.0,0.0,0.0,1.0,0.0,1.0,0.0,0.0,3
312,496,88,304,0.0,0.0,0.0,1.0,0.0,1.0,0.0,0.0,3
312,504,88,296,0.0,0.0,0.0,1.0,0.0,1.0,0.0,0.0,3
312,512,88,288,0.0,0.0,0.0,1.0,0.0,1.0,0.0,0.0,3
312,520,88,280,0.0,0.0,0.0,1.0,0.0,1.0,0.0,0.0,3
312,528,88,272,0.0,0.0,0.0,1.0,0.0,1.0,0.0,0.0,3
312,536,88,264,0.0,0.0,0.0,1.0,0.0,1.0,0.0,0.0,3
312,544,88,256,0.0,0.0,0.0,1.0,0.0,1.0,0.0,0.0,3
312,552,88,248,0.0,0.0,0.0,1.0,0.0,1.0,0.0,0.0,3
312,560,88,240,0.0,0.0,0.0,1.0,0.0,1.0,0.0,0.0,3
312,568,88,232,0.0,0.0,0.0,1.0,0.0,1.0,0.0,0.0,3
312,576,88,224,0.0,0.0,0.0,1.0,0.0,1.0,0.0,0.0,3
312,584,88,216,0.0,0.0,0.0,1.0,0.0,1.0,0.0,0.0,3
312,592,88,208,0.0,0.0,0.0,1.0,0.0,1.0,0.0,0.0,3
312,600,88,200,0.0,0.0,0.0,1.0,0.0,1.0,0.0,0.0,3
312,608,88,192,0.0,0.0,0.0,1.0,0.0,1.0,0.0,0.0,3
312,616,88,184,0.0,0.0,0.0,1.0,0.0,1.0,0.0,0.0,3
312,624,88,176,0.0,0.0,0.0,1.0,0.0,1.0,0.0,0.0,3
312,632,88,168,0.0,0.0,0.0,1.0,0.0,1.0,0.0,0.0,3
312,640,88,160,0.0,0.0,0.0,1.0,0.0,1.0,0.0,0.0,3
312,648,88,152,0.0,0.0,0.0,1.0,0.0,1.0,0.0,0.0,3
312,656,88,144,0.0,0.0,0.0,1.0,0.0,1.0,0.0,0.0,3
312,664,88,136,0.0,0.0,0.0,1.0,0.0,1.0,0.0,0.0,3
312,672,88,128,0.0,0.0,0.0,1.0,0.0,1.0,0.0,0.0,3
312,680,88,120,0.0,0.0,0.0,1.0,0.0,1.0,0.0,0.0,3
312,688,88,112,0.0,0.0,0.0,1.0,0.0,1.0,0.0,0.0,3
312,696,88,104,0.0,0.0,0.0,1.0,0.0,1.0,0.0,0.0,3
312,704,88,96,0.0,0.0,0.0,1.0,0.0,1.0,0.0,0.0,3
312,712,88,88,0.0,0.0,0.0,1.0,0.0,1.0,0.0,0.0,3
312,720,88,80,0.0,0.0,0.0,1.0,0.0,1.0,0.0,0.0,3
312,728,88,72,0.0,0.0,0.0,1.0,0.0,1.0,0.0,0.0,3
312,736,88,64,0.0,0.0,0.0,1.0,0.0,1.0,0.0,0.0,3
312,744,88,56,0.0,0.0,0.0,1.0,0.0,1.0,0.0,0.0,3
312,752,88,48,0.0,0.0,0.0,1.0,0.0,1.0,0.0,0.0,3
312,760,88,40,0.0,0.0,0.0,1.0,0.0,1.0,0.0,0.0,2
320,760,80,40,,,,,1.0,0.0,0.0,0.0,2
328,760,72,40,,,,,1.0,0.0,0.0,0.0,2
336,760,64,40,,,,,1.0,0.0,0.0,0.0,2
344,760,56,40,,,,,1.0,0.0,0.0,0.0,2
352,760,48,40,0.0,1.0,0.0,0.0,1.0,0.0,0.0,0.0,1
352,752,48,48,0.0,1.0,0.0,0.0,0.0,0.0,0.0,1.0,1
352,744,48,56,0.0,1.0,0.0,0.0,0.0,0.0,0.0,1.0,1
352,736,48,64,0.0,1.0,0.0,0.0,0.0,0.0,0.0,1.0,1
352,728,48,72,0.0,1.0,0.0,0.0,0.0,0.0,0.0,1.0,1
352,720,48,80,0.0,1.0,0.0,0.0,0.0,0.0,0.0,1.0,1
352,712,48,88,0.0,1.0,0.0,0.0,0.0,0.0,0.0,1.0,1
352,704,48,96,0.0,1.0,0.0,0.0,0.0,0.0,0.0,1.0,1
352,696,48,104,0.0,1.0,0.0,0.0,0.0,0.0,0.0,1.0,1
352,688,48,112,0.0,1.0,0.0,0.0,0.0,0.0,0.0,1.0,1
352,680,48,120,0.0,1.0,0.0,0.0,0.0,0.0,0.0,1.0,1
352,672,48,128,0.0,1.0,0.0,0.0,0.0,0.0,0.0,1.0,1
352,664,48,136,0.0,1.0,0.0,0.0,0.0,0.0,0.0,1.0,1
352,656,48,144,0.0,1.0,0.0,0.0,0.0,0.0,0.0,1.0,1
352,648,48,152,0.0,1.0,0.0,0.0,0.0,0.0,0.0,1.0,1
352,640,48,160,0.0,1.0,0.0,0.0,0.0,0.0,0.0,1.0,1
352,632,48,168,0.0,1.0,0.0,0.0,0.0,0.0,0.0,1.0,1
352,624,48,176,0.0,1.0,0.0,0.0,0.0,0.0,0.0,1.0,1
352,616,48,184,0.0,1.0,0.0,0.0,0.0,0.0,0.0,1.0,1
352,608,48,192,0.0,1.0,0.0,0.0,0.0,0.0,0.0,1.0,1
352,600,48,200,0.0,1.0,0.0,0.0,0.0,0.0,0.0,1.0,1
352,592,48,208,0.0,1.0,0.0,0.0,0.0,0.0,0.0,1.0,1
352,584,48,216,0.0,1.0,0.0,0.0,0.0,0.0,0.0,1.0,1
352,576,48,224,0.0,1.0,0.0,0.0,0.0,0.0,0.0,1.0,1
352,568,48,232,0.0,1.0,0.0,0.0,0.0,0.0,0.0,1.0,1
352,560,48,240,0.0,1.0,0.0,0.0,0.0,0.0,0.0,1.0,1
352,552,48,248,0.0,1.0,0.0,0.0,0.0,0.0,0.0,1.0,1
352,544,48,256,0.0,1.0,0.0,0.0,0.0,0.0,0.0,1.0,1
352,536,48,264,0.0,1.0,0.0,0.0,0.0,0.0,0.0,1.0,1
352,528,48,272,0.0,1.0,0.0,0.0,0.0,0.0,0.0,1.0,1
352,520,48,280,0.0,1.0,0.0,0.0,0.0,0.0,0.0,1.0,1
352,512,48,288,0.0,1.0,0.0,0.0,0.0,0.0,0.0,1.0,1
352,504,48,296,0.0,1.0,0.0,0.0,0.0,0.0,0.0,1.0,1
352,496,48,304,0.0,1.0,0.0,0.0,0.0,0.0,0.0,1.0,1
352,488,48,312,0.0,1.0,0.0,0.0,0.0,0.0,0.0,1.0,1
352,480,48,320,0.0,1.0,0.0,0.0,0.0,0.0,0.0,1.0,1
352,472,48,328,0.0,1.0,0.0,0.0,0.0,0.0,0.0,1.0,1
352,464,48,336,0.0,1.0,0.0,0.0,0.0,0.0,0.0,1.0,1
352,456,48,344,0.0,1.0,0.0,0.0,0.0,0.0,0.0,1.0,1
352,448,48,352,0.0,1.0,0.0,0.0,0.0,0.0,0.0,1.0,1
352,440,48,360,0.0,1.0,0.0,0.0,0.0,0.0,0.0,1.0,1
352,432,48,368,0.0,1.0,0.0,0.0,0.0,0.0,0.0,1.0,1
352,424,48,376,0.0,1.0,0.0,0.0,0.0,0.0,0.0,1.0,1
352,416,48,384,0.0,1.0,0.0,0.0,0.0,0.0,0.0,1.0,1
352,408,48,392,0.0,1.0,0.0,0.0,0.0,0.0,0.0,1.0,1
352,400,48,400,0.0,1.0,0.0,0.0,0.0,0.0,0.0,1.0,1
352,392,48,408,0.0,1.0,0.0,0.0,0.0,0.0,0.0,1.0,1
352,384,48,416,0.0,1.0,0.0,0.0,0.0,0.0,0.0,1.0,1
352,376,48,424,0.0,1.0,0.0,0.0,0.0,0.0,0.0,1.0,1
352,368,48,432,0.0,1.0,0.0,0.0,0.0,0.0,0.0,1.0,1
352,360,48,440,0.0,1.0,0.0,0.0,0.0,0.0,0.0,1.0,1
352,352,48,448,0.0,1.0,0.0,0.0,0.0,0.0,0.0,1.0,1
352,344,48,456,0.0,1.0,0.0,0.0,0.0,0.0,0.0,1.0,1
352,336,48,464,0.0,1.0,0.0,0.0,0.0,0.0,0.0,1.0,1
352,328,48,472,0.0,1.0,0.0,0.0,0.0,0.0,0.0,1.0,1
352,320,48,480,0.0,1.0,0.0,0.0,0.0,0.0,0.0,1.0,1
352,312,48,488,0.0,1.0,0.0,0.0,0.0,0.0,0.0,1.0,1
352,304,48,496,0.0,1.0,0.0,0.0,0.0,0.0,0.0,1.0,1
352,296,48,504,0.0,1.0,0.0,0.0,0.0,0.0,0.0,1.0,1
352,288,48,512,0.0,1.0,0.0,0.0,0.0,0.0,0.0,1.0,1
352,280,48,520,0.0,1.0,0.0,0.0,0.0,0.0,0.0,1.0,1
352,272,48,528,0.0,1.0,0.0,0.0,0.0,0.0,0.0,1.0,1
352,264,48,536,0.0,1.0,0.0,0.0,0.0,0.0,0.0,1.0,1
352,256,48,544,0.0,1.0,0.0,0.0,0.0,0.0,0.0,1.0,1
352,248,48,552,0.0,1.0,0.0,0.0,0.0,0.0,0.0,1.0,1
352,240,48,560,0.0,1.0,0.0,0.0,0.0,0.0,0.0,1.0,0
344,240,56,560,,,,,0.0,0.0,1.0,0.0,0
336,240,64,560,,,,,0.0,0.0,1.0,0.0,0
328,240,72,560,,,,,0.0,0.0,1.0,0.0,0
320,240,80,560,,,,,0.0,0.0,1.0,0.0,0
312,240,88,560,,,,,0.0,0.0,1.0,0.0,0
304,240,96,560,,,,,0.0,0.0,1.0,0.0,0
296,240,104,560,,,,,0.0,0.0,1.0,0.0,0
288,240,112,560,,,,,0.0,0.0,1.0,0.0,0
280,240,120,560,,,,,0.0,0.0,1.0,0.0,0
272,240,128,560,,,,,0.0,0.0,1.0,0.0,0
264,240,136,560,,,,,0.0,0.0,1.0,0.0,0
256,240,144,560,,,,,0.0,0.0,1.0,0.0,0
248,240,152,560,,,,,0.0,0.0,1.0,0.0,0
240,240,160,560,,,,,0.0,0.0,1.0,0.0,0
232,240,168,560,,,,,0.0,0.0,1.0,0.0,0
224,240,176,560,,,,,0.0,0.0,1.0,0.0,0
216,240,184,560,,,,,0.0,0.0,1.0,0.0,0
208,240,192,560,,,,,0.0,0.0,1.0,0.0,0
200,240,200,560,,,,,0.0,0.0,1.0,0.0,0
192,240,208,560,,,,,0.0,0.0,1.0,0.0,0
184,240,216,560,,,,,0.0,0.0,1.0,0.0,0
176,240,224,560,,,,,0.0,0.0,1.0,0.0,0
168,240,232,560,,,,,0.0,0.0,1.0,0.0,0
160,240,240,560,0.0,1.0,0.0,0.0,0.0,0.0,1.0,0.0,1
160,232,240,568,0.0,1.0,0.0,0.0,0.0,0.0,0.0,1.0,1
160,224,240,576,0.0,1.0,0.0,0.0,0.0,0.0,0.0,1.0,1
160,216,240,584,0.0,1.0,0.0,0.0,0.0,0.0,0.0,1.0,1
160,208,240,592,0.0,1.0,0.0,0.0,0.0,0.0,0.0,1.0,1
160,200,240,600,0.0,1.0,0.0,0.0,0.0,0.0,0.0,1.0,1
160,192,240,608,0.0,1.0,0.0,0.0,0.0,0.0,0.0,1.0,1
160,184,240,616,0.0,1.0,0.0,0.0,0.0,0.0,0.0,1.0,1
160,176,240,624,0.0,1.0,0.0,0.0,0.0,0.0,0.0,1.0,1
160,168,240,632,0.0,1.0,0.0,0.0,0.0,0.0,0.0,1.0,1
160,160,240,640,0.0,1.0,0.0,0.0,0.0,0.0,0.0,1.0,1
160,152,240,648,0.0,1.0,0.0,0.0,0.0,0.0,0.0,1.0,1
160,144,240,656,0.0,1.0,0.0,0.0,0.0,0.0,0.0,1.0,1
160,136,240,664,0.0,1.0,0.0,0.0,0.0,0.0,0.0,1.0,1
160,128,240,672,0.0,1.0,0.0,0.0,0.0,0.0,0.0,1.0,1
160,120,240,680,0.0,1.0,0.0,0.0,0.0,0.0,0.0,1.0,1
160,112,240,688,0.0,1.0,0.0,0.0,0.0,0.0,0.0,1.0,1
160,104,240,696,0.0,1.0,0.0,0.0,0.0,0.0,0.0,1.0,1
160,96,240,704,0.0,1.0,0.0,0.0,0.0,0.0,0.0,1.0,1
160,88,240,712,0.0,1.0,0.0,0.0,0.0,0.0,0.0,1.0,1
160,80,240,720,0.0,1.0,0.0,0.0,0.0,0.0,0.0,1.0,1
160,72,240,728,0.0,1.0,0.0,0.0,0.0,0.0,0.0,1.0,1
160,64,240,736,0.0,1.0,0.0,0.0,0.0,0.0,0.0,1.0,1
160,56,240,744,0.0,1.0,0.0,0.0,0.0,0.0,0.0,1.0,0
152,56,248,744,,,,,0.0,0.0,1.0,0.0,0
144,56,256,744,,,,,0.0,0.0,1.0,0.0,0
136,56,264,744,,,,,0.0,0.0,1.0,0.0,0
128,56,272,744,0.0,0.0,0.0,1.0,0.0,0.0,1.0,0.0,3
128,64,272,736,0.0,0.0,0.0,1.0,0.0,1.0,0.0,0.0,3
128,72,272,728,0.0,0.0,0.0,1.0,0.0,1.0,0.0,0.0,3
128,80,272,720,0.0,0.0,0.0,1.0,0.0,1.0,0.0,0.0,3
128,88,272,712,0.0,0.0,0.0,1.0,0.0,1.0,0.0,0.0,3
128,96,272,704,0.0,0.0,0.0,1.0,0.0,1.0,0.0,0.0,3
128,104,272,696,0.0,0.0,0.0,1.0,0.0,1.0,0.0,0.0,3
128,112,272,688,0.0,0.0,0.0,1.0,0.0,1.0,0.0,0.0,3
128,120,272,680,0.0,0.0,0.0,1.0,0.0,1.0,0.0,0.0,3
128,128,272,672,0.0,0.0,0.0,1.0,0.0,1.0,0.0,0.0,3
128,136,272,664,0.0,0.0,0.0,1.0,0.0,1.0,0.0,0.0,3
128,144,272,656,0.0,0.0,0.0,1.0,0.0,1.0,0.0,0.0,3
128,152,272,648,0.0,0.0,0.0,1.0,0.0,1.0,0.0,0.0,3
128,160,272,640,0.0,0.0,0.0,1.0,0.0,1.0,0.0,0.0,3
128,168,272,632,0.0,0.0,0.0,1.0,0.0,1.0,0.0,0.0,3
128,176,272,624,0.0,0.0,0.0,1.0,0.0,1.0,0.0,0.0,3
128,184,272,616,0.0,0.0,0.0,1.0,0.0,1.0,0.0,0.0,3
128,192,272,608,0.0,0.0,0.0,1.0,0.0,1.0,0.0,0.0,3
128,200,272,600,0.0,0.0,0.0,1.0,0.0,1.0,0.0,0.0,3
128,208,272,592,0.0,0.0,0.0,1.0,0.0,1.0,0.0,0.0,3
128,216,272,584,0.0,0.0,0.0,1.0,0.0,1.0,0.0,0.0,3
128,224,272,576,0.0,0.0,0.0,1.0,0.0,1.0,0.0,0.0,3
128,232,272,568,0.0,0.0,0.0,1.0,0.0,1.0,0.0,0.0,0
120,232,280,568,,,,,0.0,0.0,1.0,0.0,0
112,232,288,568,,,,,0.0,0.0,1.0,0.0,0
104,232,296,568,,,,,0.0,0.0,1.0,0.0,0
96,232,304,568,,,,,0.0,0.0,1.0,0.0,0
88,232,312,568,,,,,0.0,0.0,1.0,0.0,0
80,232,320,568,,,,,0.0,0.0,1.0,0.0,0
72,232,328,568,,,,,0.0,0.0,1.0,0.0,0
64,232,336,568,0.0,1.0,0.0,0.0,0.0,0.0,1.0,0.0,1
64,224,336,576,0.0,1.0,0.0,0.0,0.0,0.0,0.0,1.0,1
64,216,336,584,0.0,1.0,0.0,0.0,0.0,0.0,0.0,1.0,1
64,208,336,592,0.0,1.0,0.0,0.0,0.0,0.0,0.0,1.0,1
64,200,336,600,0.0,1.0,0.0,0.0,0.0,0.0,0.0,1.0,2
72,200,328,600,,,,,1.0,0.0,0.0,0.0,2
80,200,320,600,,,,,1.0,0.0,0.0,0.0,2
88,200,312,600,,,,,1.0,0.0,0.0,0.0,2
96,200,304,600,,,,,1.0,0.0,0.0,0.0,2
104,200,296,600,,,,,1.0,0.0,0.0,0.0,2
112,200,288,600,,,,,1.0,0.0,0.0,0.0,2
120,200,280,600,,,,,1.0,0.0,0.0,0.0,2
128,200,272,600,,,,,1.0,0.0,0.0,0.0,2
136,200,264,600,,,,,1.0,0.0,0.0,0.0,2
144,200,256,600,,,,,1.0,0.0,0.0,0.0,2
152,200,248,600,,,,,1.0,0.0,0.0,0.0,2
160,200,240,600,,,,,1.0,0.0,0.0,0.0,2
168,200,232,600,,,,,1.0,0.0,0.0,0.0,2
176,200,224,600,,,,,1.0,0.0,0.0,0.0,2
184,200,216,600,,,,,1.0,0.0,0.0,0.0,2
192,200,208,600,,,,,1.0,0.0,0.0,0.0,2
200,200,200,600,,,,,1.0,0.0,0.0,0.0,2
208,200,192,600,,,,,1.0,0.0,0.0,0.0,2
216,200,184,600,,,,,1.0,0.0,0.0,0.0,2
224,200,176,600,,,,,1.0,0.0,0.0,0.0,2
232,200,168,600,,,,,1.0,0.0,0.0,0.0,2
240,200,160,600,,,,,1.0,0.0,0.0,0.0,2
248,200,152,600,0.0,0.0,0.0,1.0,1.0,0.0,0.0,0.0,3
248,208,152,592,0.0,0.0,0.0,1.0,0.0,1.0,0.0,0.0,3
248,216,152,584,0.0,0.0,0.0,1.0,0.0,1.0,0.0,0.0,3
248,224,152,576,0.0,0.0,0.0,1.0,0.0,1.0,0.0,0.0,3
248,232,152,568,0.0,0.0,0.0,1.0,0.0,1.0,0.0,0.0,3
248,240,152,560,0.0,0.0,0.0,1.0,0.0,1.0,0.0,0.0,3
248,248,152,552,0.0,0.0,0.0,1.0,0.0,1.0,0.0,0.0,3
248,256,152,544,0.0,0.0,0.0,1.0,0.0,1.0,0.0,0.0,3
248,264,152,536,0.0,0.0,0.0,1.0,0.0,1.0,0.0,0.0,3
248,272,152,528,0.0,0.0,0.0,1.0,0.0,1.0,0.0,0.0,3
248,280,152,520,0.0,0.0,0.0,1.0,0.0,1.0,0.0,0.0,3
248,288,152,512,0.0,0.0,0.0,1.0,0.0,1.0,0.0,0.0,3
248,296,152,504,0.0,0.0,0.0,1.0,0.0,1.0,0.0,0.0,3
248,304,152,496,0.0,0.0,0.0,1.0,0.0,1.0,0.0,0.0,3
248,312,152,488,0.0,0.0,0.0,1.0,0.0,1.0,0.0,0.0,3
248,320,152,480,0.0,0.0,0.0,1.0,0.0,1.0,0.0,0.0,3
248,328,152,472,0.0,0.0,0.0,1.0,0.0,1.0,0.0,0.0,3
248,336,152,464,0.0,0.0,0.0,1.0,0.0,1.0,0.0,0.0,3
248,344,152,456,0.0,0.0,0.0,1.0,0.0,1.0,0.0,0.0,3
248,352,152,448,0.0,0.0,0.0,1.0,0.0,1.0,0.0,0.0,3
248,360,152,440,0.0,0.0,0.0,1.0,0.0,1.0,0.0,0.0,3
248,368,152,432,0.0,0.0,0.0,1.0,0.0,1.0,0.0,0.0,3
248,376,152,424,0.0,0.0,0.0,1.0,0.0,1.0,0.0,0.0,3
248,384,152,416,0.0,0.0,0.0,1.0,0.0,1.0,0.0,0.0,3
248,392,152,408,0.0,0.0,0.0,1.0,0.0,1.0,0.0,0.0,3
248,400,152,400,0.0,0.0,0.0,1.0,0.0,1.0,0.0,0.0,3
248,408,152,392,0.0,0.0,0.0,1.0,0.0,1.0,0.0,0.0,3
248,416,152,384,0.0,0.0,0.0,1.0,0.0,1.0,0.0,0.0,3
248,424,152,376,0.0,0.0,0.0,1.0,0.0,1.0,0.0,0.0,3
248,432,152,368,0.0,0.0,0.0,1.0,0.0,1.0,0.0,0.0,3
248,440,152,360,0.0,0.0,0.0,1.0,0.0,1.0,0.0,0.0,3
248,448,152,352,0.0,0.0,0.0,1.0,0.0,1.0,0.0,0.0,3
248,456,152,344,0.0,0.0,0.0,1.0,0.0,1.0,0.0,0.0,3
248,464,152,336,0.0,0.0,0.0,1.0,0.0,1.0,0.0,0.0,3
248,472,152,328,0.0,0.0,0.0,1.0,0.0,1.0,0.0,0.0,3
248,480,152,320,0.0,0.0,0.0,1.0,0.0,1.0,0.0,0.0,3
248,488,152,312,0.0,0.0,0.0,1.0,0.0,1.0,0.0,0.0,3
248,496,152,304,0.0,0.0,0.0,1.0,0.0,1.0,0.0,0.0,3
248,504,152,296,0.0,0.0,0.0,1.0,0.0,1.0,0.0,0.0,3
248,512,152,288,0.0,0.0,0.0,1.0,0.0,1.0,0.0,0.0,3
248,520,152,280,0.0,0.0,0.0,1.0,0.0,1.0,0.0,0.0,3
248,528,152,272,0.0,0.0,0.0,1.0,0.0,1.0,0.0,0.0,3
248,536,152,264,0.0,0.0,0.0,1.0,0.0,1.0,0.0,0.0,3
248,544,152,256,0.0,0.0,0.0,1.0,0.0,1.0,0.0,0.0,3
248,552,152,248,0.0,0.0,0.0,1.0,0.0,1.0,0.0,0.0,3
248,560,152,240,0.0,0.0,0.0,1.0,0.0,1.0,0.0,0.0,2
256,560,144,240,,,,,1.0,0.0,0.0,0.0,2
264,560,136,240,,,,,1.0,0.0,0.0,0.0,2
272,560,128,240,,,,,1.0,0.0,0.0,0.0,2
280,560,120,240,,,,,1.0,0.0,0.0,0.0,2
288,560,112,240,,,,,1.0,0.0,0.0,0.0,2
296,560,104,240,,,,,1.0,0.0,0.0,0.0,2
304,560,96,240,,,,,1.0,0.0,0.0,0.0,2
312,560,88,240,0.0,1.0,0.0,0.0,1.0,0.0,0.0,0.0,1
312,552,88,248,0.0,1.0,0.0,0.0,0.0,0.0,0.0,1.0,1
312,544,88,256,0.0,1.0,0.0,0.0,0.0,0.0,0.0,1.0,1
312,536,88,264,0.0,1.0,0.0,0.0,0.0,0.0,0.0,1.0,1
312,528,88,272,0.0,1.0,0.0,0.0,0.0,0.0,0.0,1.0,1
312,520,88,280,0.0,1.0,0.0,0.0,0.0,0.0,0.0,1.0,1
312,512,88,288,0.0,1.0,0.0,0.0,0.0,0.0,0.0,1.0,1
312,504,88,296,0.0,1.0,0.0,0.0,0.0,0.0,0.0,1.0,1
312,496,88,304,0.0,1.0,0.0,0.0,0.0,0.0,0.0,1.0,1
312,488,88,312,0.0,1.0,0.0,0.0,0.0,0.0,0.0,1.0,1
312,480,88,320,0.0,1.0,0.0,0.0,0.0,0.0,0.0,1.0,1
312,472,88,328,0.0,1.0,0.0,0.0,0.0,0.0,0.0,1.0,1
312,464,88,336,0.0,1.0,0.0,0.0,0.0,0.0,0.0,1.0,1
312,456,88,344,0.0,1.0,0.0,0.0,0.0,0.0,0.0,1.0,1
312,448,88,352,0.0,1.0,0.0,0.0,0.0,0.0,0.0,1.0,1
312,440,88,360,0.0,1.0,0.0,0.0,0.0,0.0,0.0,1.0,1
312,432,88,368,0.0,1.0,0.0,0.0,0.0,0.0,0.0,1.0,1
312,424,88,376,0.0,1.0,0.0,0.0,0.0,0.0,0.0,1.0,1
312,416,88,384,0.0,1.0,0.0,0.0,0.0,0.0,0.0,1.0,1
312,408,88,392,0.0,1.0,0.0,0.0,0.0,0.0,0.0,1.0,1
312,400,88,400,0.0,1.0,0.0,0.0,0.0,0.0,0.0,1.0,1
312,392,88,408,0.0,1.0,0.0,0.0,0.0,0.0,0.0,1.0,1
312,384,88,416,0.0,1.0,0.0,0.0,0.0,0.0,0.0,1.0,1
312,376,88,424,0.0,1.0,0.0,0.0,0.0,0.0,0.0,1.0,1
312,368,88,432,0.0,1.0,0.0,0.0,0.0,0.0,0.0,1.0,1
312,360,88,440,0.0,1.0,0.0,0.0,0.0,0.0,0.0,1.0,1
312,352,88,448,0.0,1.0,0.0,0.0,0.0,0.0,0.0,1.0,0
304,352,96,448,,,,,0.0,0.0,1.0,0.0,0
296,352,104,448,,,,,0.0,0.0,1.0,0.0,0
288,352,112,448,,,,,0.0,0.0,1.0,0.0,0
280,352,120,448,,,,,0.0,0.0,1.0,0.0,0
272,352,128,448,,,,,0.0,0.0,1.0,0.0,0
264,352,136,448,,,,,0.0,0.0,1.0,0.0,0
256,352,144,448,,,,,0.0,0.0,1.0,0.0,0
248,352,152,448,,,,,0.0,0.0,1.0,0.0,0
240,352,160,448,,,,,0.0,0.0,1.0,0.0,0
232,352,168,448,,,,,0.0,0.0,1.0,0.0,0
224,352,176,448,,,,,0.0,0.0,1.0,0.0,0
216,352,184,448,,,,,0.0,0.0,1.0,0.0,0
208,352,192,448,,,,,0.0,0.0,1.0,0.0,0
200,352,200,448,,,,,0.0,0.0,1.0,0.0,0
192,352,208,448,,,,,0.0,0.0,1.0,0.0,0
184,352,216,448,,,,,0.0,0.0,1.0,0.0,0
176,352,224,448,,,,,0.0,0.0,1.0,0.0,0
168,352,232,448,,,,,0.0,0.0,1.0,0.0,0
160,352,240,448,0.0,0.0,0.0,1.0,0.0,0.0,1.0,0.0,3
160,360,240,440,0.0,0.0,0.0,1.0,0.0,1.0,0.0,0.0,3
160,368,240,432,0.0,0.0,0.0,1.0,0.0,1.0,0.0,0.0,3
160,376,240,424,0.0,0.0,0.0,1.0,0.0,1.0,0.0,0.0,3
160,384,240,416,0.0,0.0,0.0,1.0,0.0,1.0,0.0,0.0,3
160,392,240,408,0.0,0.0,0.0,1.0,0.0,1.0,0.0,0.0,3
160,400,240,400,0.0,0.0,0.0,1.0,0.0,1.0,0.0,0.0,3
160,408,240,392,0.0,0.0,0.0,1.0,0.0,1.0,0.0,0.0,3
160,416,240,384,0.0,0.0,0.0,1.0,0.0,1.0,0.0,0.0,3
160,424,240,376,0.0,0.0,0.0,1.0,0.0,1.0,0.0,0.0,3
160,432,240,368,0.0,0.0,0.0,1.0,0.0,1.0,0.0,0.0,3
160,440,240,360,0.0,0.0,0.0,1.0,0.0,1.0,0.0,0.0,3
160,448,240,352,0.0,0.0,0.0,1.0,0.0,1.0,0.0,0.0,3
160,456,240,344,0.0,0.0,0.0,1.0,0.0,1.0,0.0,0.0,3
160,464,240,336,0.0,0.0,0.0,1.0,0.0,1.0,0.0,0.0,3
160,472,240,328,0.0,0.0,0.0,1.0,0.0,1.0,0.0,0.0,3
160,480,240,320,0.0,0.0,0.0,1.0,0.0,1.0,0.0,0.0,3
160,488,240,312,0.0,0.0,0.0,1.0,0.0,1.0,0.0,0.0,3
160,496,240,304,0.0,0.0,0.0,1.0,0.0,1.0,0.0,0.0,3
160,504,240,296,0.0,0.0,0.0,1.0,0.0,1.0,0.0,0.0,3
160,512,240,288,0.0,0.0,0.0,1.0,0.0,1.0,0.0,0.0,3
160,520,240,280,0.0,0.0,0.0,1.0,0.0,1.0,0.0,0.0,3
160,528,240,272,0.0,0.0,0.0,1.0,0.0,1.0,0.0,0.0,3
160,536,240,264,0.0,0.0,0.0,1.0,0.0,1.0,0.0,0.0,3
160,544,240,256,0.0,0.0,0.0,1.0,0.0,1.0,0.0,0.0,3
160,552,240,248,0.0,0.0,0.0,1.0,0.0,1.0,0.0,0.0,3
160,560,240,240,0.0,0.0,0.0,1.0,0.0,1.0,0.0,0.0,3
160,568,240,232,0.0,0.0,0.0,1.0,0.0,1.0,0.0,0.0,3
160,576,240,224,0.0,0.0,0.0,1.0,0.0,1.0,0.0,0.0,3
160,584,240,216,0.0,0.0,0.0,1.0,0.0,1.0,0.0,0.0,3
160,592,240,208,0.0,0.0,0.0,1.0,0.0,1.0,0.0,0.0,3
160,600,240,200,0.0,0.0,0.0,1.0,0.0,1.0,0.0,0.0,3
160,608,240,192,0.0,0.0,0.0,1.0,0.0,1.0,0.0,0.0,3
160,616,240,184,0.0,0.0,0.0,1.0,0.0,1.0,0.0,0.0,3
160,624,240,176,0.0,0.0,0.0,1.0,0.0,1.0,0.0,0.0,3
160,632,240,168,0.0,0.0,0.0,1.0,0.0,1.0,0.0,0.0,3
160,640,240,160,0.0,0.0,0.0,1.0,0.0,1.0,0.0,0.0,3
160,648,240,152,0.0,0.0,0.0,1.0,0.0,1.0,0.0,0.0,3
160,656,240,144,0.0,0.0,0.0,1.0,0.0,1.0,0.0,0.0,3
160,664,240,136,0.0,0.0,0.0,1.0,0.0,1.0,0.0,0.0,3
160,672,240,128,0.0,0.0,0.0,1.0,0.0,1.0,0.0,0.0,3
160,680,240,120,0.0,0.0,0.0,1.0,0.0,1.0,0.0,0.0,3
160,688,240,112,0.0,0.0,0.0,1.0,0.0,1.0,0.0,0.0,3
160,696,240,104,0.0,0.0,0.0,1.0,0.0,1.0,0.0,0.0,3
160,704,240,96,0.0,0.0,0.0,1.0,0.0,1.0,0.0,0.0,3
160,712,240,88,0.0,0.0,0.0,1.0,0.0,1.0,0.0,0.0,3
160,720,240,80,0.0,0.0,0.0,1.0,0.0,1.0,0.0,0.0,3
160,728,240,72,0.0,0.0,0.0,1.0,0.0,1.0,0.0,0.0,3
160,736,240,64,0.0,0.0,0.0,1.0,0.0,1.0,0.0,0.0,3
160,744,240,56,0.0,0.0,0.0,1.0,0.0,1.0,0.0,0.0,0
152,744,248,56,,,,,0.0,0.0,1.0,0.0,0
144,744,256,56,,,,,0.0,0.0,1.0,0.0,0
136,744,264,56,,,,,0.0,0.0,1.0,0.0,0
128,744,272,56,,,,,0.0,0.0,1.0,0.0,0
120,744,280,56,,,,,0.0,0.0,1.0,0.0,0
112,744,288,56,,,,,0.0,0.0,1.0,0.0,0
104,744,296,56,,,,,0.0,0.0,1.0,0.0,0
96,744,304,56,,,,,0.0,0.0,1.0,0.0,0
88,744,312,56,,,,,0.0,0.0,1.0,0.0,0
80,744,320,56,0.0,1.0,0.0,0.0,0.0,0.0,1.0,0.0,1
80,736,320,64,0.0,1.0,0.0,0.0,0.0,0.0,0.0,1.0,1
80,728,320,72,0.0,1.0,0.0,0.0,0.0,0.0,0.0,1.0,1
80,720,320,80,0.0,1.0,0.0,0.0,0.0,0.0,0.0,1.0,1
80,712,320,88,0.0,1.0,0.0,0.0,0.0,0.0,0.0,1.0,1
80,704,320,96,0.0,1.0,0.0,0.0,0.0,0.0,0.0,1.0,1
80,696,320,104,0.0,1.0,0.0,0.0,0.0,0.0,0.0,1.0,1
80,688,320,112,0.0,1.0,0.0,0.0,0.0,0.0,0.0,1.0,1
80,680,320,120,0.0,1.0,0.0,0.0,0.0,0.0,0.0,1.0,1
80,672,320,128,0.0,1.0,0.0,0.0,0.0,0.0,0.0,1.0,1
80,664,320,136,0.0,1.0,0.0,0.0,0.0,0.0,0.0,1.0,1
80,656,320,144,0.0,1.0,0.0,0.0,0.0,0.0,0.0,1.0,1
80,648,320,152,0.0,1.0,0.0,0.0,0.0,0.0,0.0,1.0,1
80,640,320,160,0.0,1.0,0.0,0.0,0.0,0.0,0.0,1.0,1
80,632,320,168,0.0,1.0,0.0,0.0,0.0,0.0,0.0,1.0,1
80,624,320,176,0.0,1.0,0.0,0.0,0.0,0.0,0.0,1.0,1
80,616,320,184,0.0,1.0,0.0,0.0,0.0,0.0,0.0,1.0,1
80,608,320,192,0.0,1.0,0.0,0.0,0.0,0.0,0.0,1.0,1
80,600,320,200,0.0,1.0,0.0,0.0,0.0,0.0,0.0,1.0,1
80,592,320,208,0.0,1.0,0.0,0.0,0.0,0.0,0.0,1.0,1
80,584,320,216,0.0,1.0,0.0,0.0,0.0,0.0,0.0,1.0,1
80,576,320,224,0.0,1.0,0.0,0.0,0.0,0.0,0.0,1.0,1
80,568,320,232,0.0,1.0,0.0,0.0,0.0,0.0,0.0,1.0,1
80,560,320,240,0.0,1.0,0.0,0.0,0.0,0.0,0.0,1.0,1
80,552,320,248,0.0,1.0,0.0,0.0,0.0,0.0,0.0,1.0,1
80,544,320,256,0.0,1.0,0.0,0.0,0.0,0.0,0.0,1.0,1
80,536,320,264,0.0,1.0,0.0,0.0,0.0,0.0,0.0,1.0,1
80,528,320,272,0.0,1.0,0.0,0.0,0.0,0.0,0.0,1.0,1
80,520,320,280,0.0,1.0,0.0,0.0,0.0,0.0,0.0,1.0,1
80,512,320,288,0.0,1.0,0.0,0.0,0.0,0.0,0.0,1.0,1
80,504,320,296,0.0,1.0,0.0,0.0,0.0,0.0,0.0,1.0,1
80,496,320,304,0.0,1.0,0.0,0.0,0.0,0.0,0.0,1.0,1
80,488,320,312,0.0,1.0,0.0,0.0,0.0,0.0,0.0,1.0,1
80,480,320,320,0.0,1.0,0.0,0.0,0.0,0.0,0.0,1.0,1
80,472,320,328,0.0,1.0,0.0,0.0,0.0,0.0,0.0,1.0,1
80,464,320,336,0.0,1.0,0.0,0.0,0.0,0.0,0.0,1.0,1
80,456,320,344,0.0,1.0,0.0,0.0,0.0,0.0,0.0,1.0,1
80,448,320,352,0.0,1.0,0.0,0.0,0.0,0.0,0.0,1.0,1
80,440,320,360,0.0,1.0,0.0,0.0,0.0,0.0,0.0,1.0,1
80,432,320,368,0.0,1.0,0.0,0.0,0.0,0.0,0.0,1.0,1
80,424,320,376,0.0,1.0,0.0,0.0,0.0,0.0,0.0,1.0,1
80,416,320,384,0.0,1.0,0.0,0.0,0.0,0.0,0.0,1.0,1
80,408,320,392,0.0,1.0,0.0,0.0,0.0,0.0,0.0,1.0,1
80,400,320,400,0.0,1.0,0.0,0.0,0.0,0.0,0.0,1.0,1
80,392,320,408,0.0,1.0,0.0,0.0,0.0,0.0,0.0,1.0,1
80,384,320,416,0.0,1.0,0.0,0.0,0.0,0.0,0.0,1.0,1
80,376,320,424,0.0,1.0,0.0,0.0,0.0,0.0,0.0,1.0,1
80,368,320,432,0.0,1.0,0.0,0.0,0.0,0.0,0.0,1.0,1
80,360,320,440,0.0,1.0,0.0,0.0,0.0,0.0,0.0,1.0,1
80,352,320,448,0.0,1.0,0.0,0.0,0.0,0.0,0.0,1.0,1
80,344,320,456,0.0,1.0,0.0,0.0,0.0,0.0,0.0,1.0,1
80,336,320,464,0.0,1.0,0.0,0.0,0.0,0.0,0.0,1.0,1
80,328,320,472,0.0,1.0,0.0,0.0,0.0,0.0,0.0,1.0,1
80,320,320,480,0.0,1.0,0.0,0.0,0.0,0.0,0.0,1.0,1
80,312,320,488,0.0,1.0,0.0,0.0,0.0,0.0,0.0,1.0,1
80,304,320,496,0.0,1.0,0.0,0.0,0.0,0.0,0.0,1.0,1
80,296,320,504,0.0,1.0,0.0,0.0,0.0,0.0,0.0,1.0,1
80,288,320,512,0.0,1.0,0.0,0.0,0.0,0.0,0.0,1.0,1
80,280,320,520,0.0,1.0,0.0,0.0,0.0,0.0,0.0,1.0,1
80,272,320,528,0.0,1.0,0.0,0.0,0.0,0.0,0.0,1.0,1
80,264,320,536,0.0,1.0,0.0,0.0,0.0,0.0,0.0,1.0,1
80,256,320,544,0.0,1.0,0.0,0.0,0.0,0.0,0.0,1.0,1
80,248,320,552,0.0,1.0,0.0,0.0,0.0,0.0,0.0,1.0,1
80,240,320,560,0.0,1.0,0.0,0.0,0.0,0.0,0.0,1.0,1
80,232,320,568,0.0,1.0,0.0,0.0,0.0,0.0,0.0,1.0,1
80,224,320,576,0.0,1.0,0.0,0.0,0.0,0.0,0.0,1.0,1
80,216,320,584,0.0,1.0,0.0,0.0,0.0,0.0,0.0,1.0,1
80,208,320,592,0.0,1.0,0.0,0.0,0.0,0.0,0.0,1.0,1
80,200,320,600,0.0,1.0,0.0,0.0,0.0,0.0,0.0,1.0,1
80,192,320,608,0.0,1.0,0.0,0.0,0.0,0.0,0.0,1.0,1
80,184,320,616,0.0,1.0,0.0,0.0,0.0,0.0,0.0,1.0,1
80,176,320,624,0.0,1.0,0.0,0.0,0.0,0.0,0.0,1.0,1
80,168,320,632,0.0,1.0,0.0,0.0,0.0,0.0,0.0,1.0,1
80,160,320,640,0.0,1.0,0.0,0.0,0.0,0.0,0.0,1.0,1
80,152,320,648,0.0,1.0,0.0,0.0,0.0,0.0,0.0,1.0,1
80,144,320,656,0.0,1.0,0.0,0.0,0.0,0.0,0.0,1.0,1
80,136,320,664,0.0,1.0,0.0,0.0,0.0,0.0,0.0,1.0,1
80,128,320,672,0.0,1.0,0.0,0.0,0.0,0.0,0.0,1.0,1
80,120,320,680,0.0,1.0,0.0,0.0,0.0,0.0,0.0,1.0,1
80,112,320,688,0.0,1.0,0.0,0.0,0.0,0.0,0.0,1.0,1
80,104,320,696,0.0,1.0,0.0,0.0,0.0,0.0,0.0,1.0,2
88,104,312,696,,,,,1.0,0.0,0.0,0.0,2
96,104,304,696,,,,,1.0,0.0,0.0,0.0,2
104,104,296,696,,,,,1.0,0.0,0.0,0.0,2
112,104,288,696,,,,,1.0,0.0,0.0,0.0,2
120,104,280,696,,,,,1.0,0.0,0.0,0.0,2
128,104,272,696,,,,,1.0,0.0,0.0,0.0,2
136,104,264,696,,,,,1.0,0.0,0.0,0.0,2
144,104,256,696,,,,,1.0,0.0,0.0,0.0,2
152,104,248,696,,,,,1.0,0.0,0.0,0.0,2
160,104,240,696,,,,,1.0,0.0,0.0,0.0,2
168,104,232,696,,,,,1.0,0.0,0.0,0.0,2
176,104,224,696,,,,,1.0,0.0,0.0,0.0,2
184,104,216,696,,,,,1.0,0.0,0.0,0.0,2
192,104,208,696,,,,,1.0,0.0,0.0,0.0,2
200,104,200,696,,,,,1.0,0.0,0.0,0.0,2
208,104,192,696,,,,,1.0,0.0,0.0,0.0,2
216,104,184,696,,,,,1.0,0.0,0.0,0.0,2
224,104,176,696,,,,,1.0,0.0,0.0,0.0,2
232,104,168,696,,,,,1.0,0.0,0.0,0.0,2
240,104,160,696,,,,,1.0,0.0,0.0,0.0,2
248,104,152,696,,,,,1.0,0.0,0.0,0.0,2
256,104,144,696,,,,,1.0,0.0,0.0,0.0,2
264,104,136,696,,,,,1.0,0.0,0.0,0.0,2
272,104,128,696,,,,,1.0,0.0,0.0,0.0,2
280,104,120,696,,,,,1.0,0.0,0.0,0.0,2
288,104,112,696,0.0,0.0,0.0,1.0,1.0,0.0,0.0,0.0,3
288,112,112,688,0.0,0.0,0.0,1.0,0.0,1.0,0.0,0.0,3
288,120,112,680,0.0,0.0,0.0,1.0,0.0,1.0,0.0,0.0,3
288,128,112,672,0.0,0.0,0.0,1.0,0.0,1.0,0.0,0.0,3
288,136,112,664,0.0,0.0,0.0,1.0,0.0,1.0,0.0,0.0,3
288,144,112,656,0.0,0.0,0.0,1.0,0.0,1.0,0.0,0.0,3
288,152,112,648,0.0,0.0,0.0,1.0,0.0,1.0,0.0,0.0,3
288,160,112,640,0.0,0.0,0.0,1.0,0.0,1.0,0.0,0.0,3
288,168,112,632,0.0,0.0,0.0,1.0,0.0,1.0,0.0,0.0,2
296,168,104,632,,,,,1.0,0.0,0.0,0.0,2
304,168,96,632,,,,,1.0,0.0,0.0,0.0,2
312,168,88,632,,,,,1.0,0.0,0.0,0.0,2
320,168,80,632,,,,,1.0,0.0,0.0,0.0,2
328,168,72,632,,,,,1.0,0.0,0.0,0.0,2
336,168,64,632,,,,,1.0,0.0,0.0,0.0,2
344,168,56,632,,,,,1.0,0.0,0.0,0.0,2
352,168,48,632,,,,,1.0,0.0,0.0,0.0,2
360,168,40,632,0.0,0.0,0.0,1.0,1.0,0.0,0.0,0.0,3
360,176,40,624,0.0,0.0,0.0,1.0,0.0,1.0,0.0,0.0,3
360,184,40,616,0.0,0.0,0.0,1.0,0.0,1.0,0.0,0.0,3
360,192,40,608,0.0,0.0,0.0,1.0,0.0,1.0,0.0,0.0,3
360,200,40,600,0.0,0.0,0.0,1.0,0.0,1.0,0.0,0.0,3
360,208,40,592,0.0,0.0,0.0,1.0,0.0,1.0,0.0,0.0,3
360,216,40,584,0.0,0.0,0.0,1.0,0.0,1.0,0.0,0.0,3
360,224,40,576,0.0,0.0,0.0,1.0,0.0,1.0,0.0,0.0,3
360,232,40,568,0.0,0.0,0.0,1.0,0.0,1.0,0.0,0.0,3
360,240,40,560,0.0,0.0,0.0,1.0,0.0,1.0,0.0,0.0,3
360,248,40,552,0.0,0.0,0.0,1.0,0.0,1.0,0.0,0.0,3
360,256,40,544,0.0,0.0,0.0,1.0,0.0,1.0,0.0,0.0,3
360,264,40,536,0.0,0.0,0.0,1.0,0.0,1.0,0.0,0.0,3
360,272,40,528,0.0,0.0,0.0,1.0,0.0,1.0,0.0,0.0,3
360,280,40,520,0.0,0.0,0.0,1.0,0.0,1.0,0.0,0.0,3
360,288,40,512,0.0,0.0,0.0,1.0,0.0,1.0,0.0,0.0,3
360,296,40,504,0.0,0.0,0.0,1.0,0.0,1.0,0.0,0.0,3
360,304,40,496,0.0,0.0,0.0,1.0,0.0,1.0,0.0,0.0,3
360,312,40,488,0.0,0.0,0.0,1.0,0.0,1.0,0.0,0.0,3
360,320,40,480,0.0,0.0,0.0,1.0,0.0,1.0,0.0,0.0,3
360,328,40,472,0.0,0.0,0.0,1.0,0.0,1.0,0.0,0.0,3
360,336,40,464,0.0,0.0,0.0,1.0,0.0,1.0,0.0,0.0,3
360,344,40,456,0.0,0.0,0.0,1.0,0.0,1.0,0.0,0.0,3
360,352,40,448,0.0,0.0,0.0,1.0,0.0,1.0,0.0,0.0,3
360,360,40,440,0.0,0.0,0.0,1.0,0.0,1.0,0.0,0.0,3
360,368,40,432,0.0,0.0,0.0,1.0,0.0,1.0,0.0,0.0,3
360,376,40,424,0.0,0.0,0.0,1.0,0.0,1.0,0.0,0.0,3
360,384,40,416,0.0,0.0,0.0,1.0,0.0,1.0,0.0,0.0,3
360,392,40,408,0.0,0.0,0.0,1.0,0.0,1.0,0.0,0.0,3
360,400,40,400,0.0,0.0,0.0,1.0,0.0,1.0,0.0,0.0,3
360,408,40,392,0.0,0.0,0.0,1.0,0.0,1.0,0.0,0.0,3
360,416,40,384,0.0,0.0,0.0,1.0,0.0,1.0,0.0,0.0,3
360,424,40,376,0.0,0.0,0.0,1.0,0.0,1.0,0.0,0.0,3
360,432,40,368,0.0,0.0,0.0,1.0,0.0,1.0,0.0,0.0,3
360,440,40,360,0.0,0.0,0.0,1.0,0.0,1.0,0.0,0.0,3
360,448,40,352,0.0,0.0,0.0,1.0,0.0,1.0,0.0,0.0,3
360,456,40,344,0.0,0.0,0.0,1.0,0.0,1.0,0.0,0.0,3
360,464,40,336,0.0,0.0,0.0,1.0,0.0,1.0,0.0,0.0,3
360,472,40,328,0.0,0.0,0.0,1.0,0.0,1.0,0.0,0.0,3
360,480,40,320,0.0,0.0,0.0,1.0,0.0,1.0,0.0,0.0,3
360,488,40,312,0.0,0.0,0.0,1.0,0.0,1.0,0.0,0.0,3
360,496,40,304,0.0,0.0,0.0,1.0,0.0,1.0,0.0,0.0,3
360,504,40,296,0.0,0.0,0.0,1.0,0.0,1.0,0.0,0.0,3
360,512,40,288,0.0,0.0,0.0,1.0,0.0,1.0,0.0,0.0,3
360,520,40,280,0.0,0.0,0.0,1.0,0.0,1.0,0.0,0.0,3
360,528,40,272,0.0,0.0,0.0,1.0,0.0,1.0,0.0,0.0,3
360,536,40,264,0.0,0.0,0.0,1.0,0.0,1.0,0.0,0.0,0
352,536,48,264,,,,,0.0,0.0,1.0,0.0,0
344,536,56,264,,,,,0.0,0.0,1.0,0.0,0
336,536,64,264,,,,,0.0,0.0,1.0,0.0,0
328,536,72,264,,,,,0.0,0.0,1.0,0.0,0
320,536,80,264,,,,,0.0,0.0,1.0,0.0,0
312,536,88,264,,,,,0.0,0.0,1.0,0.0,0
304,536,96,264,,,,,0.0,0.0,1.0,0.0,0
296,536,104,264,,,,,0.0,0.0,1.0,0.0,0
288,536,112,264,,,,,0.0,0.0,1.0,0.0,0
280,536,120,264,,,,,0.0,0.0,1.0,0.0,0
272,536,128,264,,,,,0.0,0.0,1.0,0.0,0
264,536,136,264,,,,,0.0,0.0,1.0,0.0,0
256,536,144,264,,,,,0.0,0.0,1.0,0.0,0
248,536,152,264,,,,,0.0,0.0,1.0,0.0,0
240,536,160,264,,,,,0.0,0.0,1.0,0.0,0
232,536,168,264,,,,,0.0,0.0,1.0,0.0,0
224,536,176,264,,,,,0.0,0.0,1.0,0.0,0
216,536,184,264,,,,,0.0,0.0,1.0,0.0,0
208,536,192,264,,,,,0.0,0.0,1.0,0.0,0
200,536,200,264,,,,,0.0,0.0,1.0,0.0,0
192,536,208,264,,,,,0.0,0.0,1.0,0.0,0
184,536,216,264,,,,,0.0,0.0,1.0,0.0,0
176,536,224,264,,,,,0.0,0.0,1.0,0.0,0
168,536,232,264,,,,,0.0,0.0,1.0,0.0,0
160,536,240,264,,,,,0.0,0.0,1.0,0.0,0
152,536,248,264,,,,,0.0,0.0,1.0,0.0,0
144,536,256,264,,,,,0.0,0.0,1.0,0.0,0
136,536,264,264,,,,,0.0,0.0,1.0,0.0,0
128,536,272,264,,,,,0.0,0.0,1.0,0.0,0
120,536,280,264,,,,,0.0,0.0,1.0,0.0,0
112,536,288,264,,,,,0.0,0.0,1.0,0.0,0
104,536,296,264,,,,,0.0,0.0,1.0,0.0,0
96,536,304,264,,,,,0.0,0.0,1.0,0.0,0
88,536,312,264,,,,,0.0,0.0,1.0,0.0,0
80,536,320,264,,,,,0.0,0.0,1.0,0.0,0
72,536,328,264,0.0,1.0,0.0,0.0,0.0,0.0,1.0,0.0,1
72,528,328,272,0.0,1.0,0.0,0.0,0.0,0.0,0.0,1.0,1
72,520,328,280,0.0,1.0,0.0,0.0,0.0,0.0,0.0,1.0,1
72,512,328,288,0.0,1.0,0.0,0.0,0.0,0.0,0.0,1.0,1
72,504,328,296,0.0,1.0,0.0,0.0,0.0,0.0,0.0,1.0,1
72,496,328,304,0.0,1.0,0.0,0.0,0.0,0.0,0.0,1.0,1
72,488,328,312,0.0,1.0,0.0,0.0,0.0,0.0,0.0,1.0,1
72,480,328,320,0.0,1.0,0.0,0.0,0.0,0.0,0.0,1.0,1
72,472,328,328,0.0,1.0,0.0,0.0,0.0,0.0,0.0,1.0,1
72,464,328,336,0.0,1.0,0.0,0.0,0.0,0.0,0.0,1.0,1
72,456,328,344,0.0,1.0,0.0,0.0,0.0,0.0,0.0,1.0,1
72,448,328,352,0.0,1.0,0.0,0.0,0.0,0.0,0.0,1.0,1
72,440,328,360,0.0,1.0,0.0,0.0,0.0,0.0,0.0,1.0,1
72,432,328,368,0.0,1.0,0.0,0.0,0.0,0.0,0.0,1.0,1
72,424,328,376,0.0,1.0,0.0,0.0,0.0,0.0,0.0,1.0,1
72,416,328,384,0.0,1.0,0.0,0.0,0.0,0.0,0.0,1.0,1
72,408,328,392,0.0,1.0,0.0,0.0,0.0,0.0,0.0,1.0,1
72,400,328,400,0.0,1.0,0.0,0.0,0.0,0.0,0.0,1.0,1
72,392,328,408,0.0,1.0,0.0,0.0,0.0,0.0,0.0,1.0,1
72,384,328,416,0.0,1.0,0.0,0.0,0.0,0.0,0.0,1.0,1
72,376,328,424,0.0,1.0,0.0,0.0,0.0,0.0,0.0,1.0,1
72,368,328,432,0.0,1.0,0.0,0.0,0.0,0.0,0.0,1.0,1
72,360,328,440,0.0,1.0,0.0,0.0,0.0,0.0,0.0,1.0,1
72,352,328,448,0.0,1.0,0.0,0.0,0.0,0.0,0.0,1.0,1
72,344,328,456,0.0,1.0,0.0,0.0,0.0,0.0,0.0,1.0,1
72,336,328,464,0.0,1.0,0.0,0.0,0.0,0.0,0.0,1.0,1
72,328,328,472,0.0,1.0,0.0,0.0,0.0,0.0,0.0,1.0,1
72,320,328,480,0.0,1.0,0.0,0.0,0.0,0.0,0.0,1.0,1
72,312,328,488,0.0,1.0,0.0,0.0,0.0,0.0,0.0,1.0,1
72,304,328,496,0.0,1.0,0.0,0.0,0.0,0.0,0.0,1.0,1
72,296,328,504,0.0,1.0,0.0,0.0,0.0,0.0,0.0,1.0,1
72,288,328,512,0.0,1.0,0.0,0.0,0.0,0.0,0.0,1.0,1
72,280,328,520,0.0,1.0,0.0,0.0,0.0,0.0,0.0,1.0,1
72,272,328,528,0.0,1.0,0.0,0.0,0.0,0.0,0.0,1.0,1
72,264,328,536,0.0,1.0,0.0,0.0,0.0,0.0,0.0,1.0,1
72,256,328,544,0.0,1.0,0.0,0.0,0.0,0.0,0.0,1.0,1
72,248,328,552,0.0,1.0,0.0,0.0,0.0,0.0,0.0,1.0,1
72,240,328,560,0.0,1.0,0.0,0.0,0.0,0.0,0.0,1.0,1
72,232,328,568,0.0,1.0,0.0,0.0,0.0,0.0,0.0,1.0,1
72,224,328,576,0.0,1.0,0.0,0.0,0.0,0.0,0.0,1.0,1
72,216,328,584,0.0,1.0,0.0,0.0,0.0,0.0,0.0,1.0,1
72,208,328,592,0.0,1.0,0.0,0.0,0.0,0.0,0.0,1.0,1
72,200,328,600,0.0,1.0,0.0,0.0,0.0,0.0,0.0,1.0,2
80,200,320,600,,,,,1.0,0.0,0.0,0.0,2
88,200,312,600,,,,,1.0,0.0,0.0,0.0,2
96,200,304,600,,,,,1.0,0.0,0.0,0.0,2
104,200,296,600,,,,,1.0,0.0,0.0,0.0,2
112,200,288,600,,,,,1.0,0.0,0.0,0.0,2
120,200,280,600,,,,,1.0,0.0,0.0,0.0,2
128,200,272,600,,,,,1.0,0.0,0.0,0.0,2
136,200,264,600,,,,,1.0,0.0,0.0,0.0,2
144,200,256,600,,,,,1.0,0.0,0.0,0.0,2
152,200,248,600,,,,,1.0,0.0,0.0,0.0,2
160,200,240,600,,,,,1.0,0.0,0.0,0.0,2
168,200,232,600,,,,,1.0,0.0,0.0,0.0,2
176,200,224,600,,,,,1.0,0.0,0.0,0.0,2
184,200,216,600,,,,,1.0,0.0,0.0,0.0,2
192,200,208,600,,,,,1.0,0.0,0.0,0.0,2
200,200,200,600,0.0,0.0,0.0,1.0,1.0,0.0,0.0,0.0,3
200,208,200,592,0.0,0.0,0.0,1.0,0.0,1.0,0.0,0.0,3
200,216,200,584,0.0,0.0,0.0,1.0,0.0,1.0,0.0,0.0,3
200,224,200,576,0.0,0.0,0.0,1.0,0.0,1.0,0.0,0.0,3
200,232,200,568,0.0,0.0,0.0,1.0,0.0,1.0,0.0,0.0,3
200,240,200,560,0.0,0.0,0.0,1.0,0.0,1.0,0.0,0.0,3
200,248,200,552,0.0,0.0,0.0,1.0,0.0,1.0,0.0,0.0,3
200,256,200,544,0.0,0.0,0.0,1.0,0.0,1.0,0.0,0.0,3
200,264,200,536,0.0,0.0,0.0,1.0,0.0,1.0,0.0,0.0,3
200,272,200,528,0.0,0.0,0.0,1.0,0.0,1.0,0.0,0.0,3
200,280,200,520,0.0,0.0,0.0,1.0,0.0,1.0,0.0,0.0,3
200,288,200,512,0.0,0.0,0.0,1.0,0.0,1.0,0.0,0.0,3
200,296,200,504,0.0,0.0,0.0,1.0,0.0,1.0,0.0,0.0,3
200,304,200,496,0.0,0.0,0.0,1.0,0.0,1.0,0.0,0.0,3
200,312,200,488,0.0,0.0,0.0,1.0,0.0,1.0,0.0,0.0,3
200,320,200,480,0.0,0.0,0.0,1.0,0.0,1.0,0.0,0.0,3
200,328,200,472,0.0,0.0,0.0,1.0,0.0,1.0,0.0,0.0,3
200,336,200,464,0.0,0.0,0.0,1.0,0.0,1.0,0.0,0.0,3
200,344,200,456,0.0,0.0,0.0,1.0,0.0,1.0,0.0,0.0,3
200,352,200,448,0.0,0.0,0.0,1.0,0.0,1.0,0.0,0.0,3
200,360,200,440,0.0,0.0,0.0,1.0,0.0,1.0,0.0,0.0,3
200,368,200,432,0.0,0.0,0.0,1.0,0.0,1.0,0.0,0.0,3
200,376,200,424,0.0,0.0,0.0,1.0,0.0,1.0,0.0,0.0,3
200,384,200,416,0.0,0.0,0.0,1.0,0.0,1.0,0.0,0.0,3
200,392,200,408,0.0,0.0,0.0,1.0,0.0,1.0,0.0,0.0,3
200,400,200,400,0.0,0.0,0.0,1.0,0.0,1.0,0.0,0.0,3
200,408,200,392,0.0,0.0,0.0,1.0,0.0,1.0,0.0,0.0,3
200,416,200,384,0.0,0.0,0.0,1.0,0.0,1.0,0.0,0.0,3
200,424,200,376,0.0,0.0,0.0,1.0,0.0,1.0,0.0,0.0,3
200,432,200,368,0.0,0.0,0.0,1.0,0.0,1.0,0.0,0.0,3
200,440,200,360,0.0,0.0,0.0,1.0,0.0,1.0,0.0,0.0,3
200,448,200,352,0.0,0.0,0.0,1.0,0.0,1.0,0.0,0.0,3
200,456,200,344,0.0,0.0,0.0,1.0,0.0,1.0,0.0,0.0,3
200,464,200,336,0.0,0.0,0.0,1.0,0.0,1.0,0.0,0.0,3
200,472,200,328,0.0,0.0,0.0,1.0,0.0,1.0,0.0,0.0,3
200,480,200,320,0.0,0.0,0.0,1.0,0.0,1.0,0.0,0.0,3
200,488,200,312,0.0,0.0,0.0,1.0,0.0,1.0,0.0,0.0,3
200,496,200,304,0.0,0.0,0.0,1.0,0.0,1.0,0.0,0.0,3
200,504,200,296,0.0,0.0,0.0,1.0,0.0,1.0,0.0,0.0,3
200,512,200,288,0.0,0.0,0.0,1.0,0.0,1.0,0.0,0.0,3
200,520,200,280,0.0,0.0,0.0,1.0,0.0,1.0,0.0,0.0,3
200,528,200,272,0.0,0.0,0.0,1.0,0.0,1.0,0.0,0.0,3
200,536,200,264,0.0,0.0,0.0,1.0,0.0,1.0,0.0,0.0,3
200,544,200,256,0.0,0.0,0.0,1.0,0.0,1.0,0.0,0.0,3
200,552,200,248,0.0,0.0,0.0,1.0,0.0,1.0,0.0,0.0,3
200,560,200,240,0.0,0.0,0.0,1.0,0.0,1.0,0.0,0.0,3
200,568,200,232,0.0,0.0,0.0,1.0,0.0,1.0,0.0,0.0,3
200,576,200,224,0.0,0.0,0.0,1.0,0.0,1.0,0.0,0.0,3
200,584,200,216,0.0,0.0,0.0,1.0,0.0,1.0,0.0,0.0,3
200,592,200,208,0.0,0.0,0.0,1.0,0.0,1.0,0.0,0.0,3
200,600,200,200,0.0,0.0,0.0,1.0,0.0,1.0,0.0,0.0,3
200,608,200,192,0.0,0.0,0.0,1.0,0.0,1.0,0.0,0.0,3
200,616,200,184,0.0,0.0,0.0,1.0,0.0,1.0,0.0,0.0,2
208,616,192,184,,,,,1.0,0.0,0.0,0.0,2
216,616,184,184,,,,,1.0,0.0,0.0,0.0,2
224,616,176,184,,,,,1.0,0.0,0.0,0.0,2
232,616,168,184,,,,,1.0,0.0,0.0,0.0,2
240,616,160,184,,,,,1.0,0.0,0.0,0.0,2
248,616,152,184,,,,,1.0,0.0,0.0,0.0,2
256,616,144,184,,,,,1.0,0.0,0.0,0.0,2
264,616,136,184,,,,,1.0,0.0,0.0,0.0,2
272,616,128,184,,,,,1.0,0.0,0.0,0.0,2
280,616,120,184,,,,,1.0,0.0,0.0,0.0,2
288,616,112,184,,,,,1.0,0.0,0.0,0.0,2
296,616,104,184,,,,,1.0,0.0,0.0,0.0,2
304,616,96,184,,,,,1.0,0.0,0.0,0.0,2
312,616,88,184,0.0,1.0,0.0,0.0,1.0,0.0,0.0,0.0,1
312,608,88,192,0.0,1.0,0.0,0.0,0.0,0.0,0.0,1.0,1
312,600,88,200,0.0,1.0,0.0,0.0,0.0,0.0,0.0,1.0,1
312,592,88,208,0.0,1.0,0.0,0.0,0.0,0.0,0.0,1.0,1
312,584,88,216,0.0,1.0,0.0,0.0,0.0,0.0,0.0,1.0,1
312,576,88,224,0.0,1.0,0.0,0.0,0.0,0.0,0.0,1.0,1
312,568,88,232,0.0,1.0,0.0,0.0,0.0,0.0,0.0,1.0,1
312,560,88,240,0.0,1.0,0.0,0.0,0.0,0.0,0.0,1.0,1
312,552,88,248,0.0,1.0,0.0,0.0,0.0,0.0,0.0,1.0,1
312,544,88,256,0.0,1.0,0.0,0.0,0.0,0.0,0.0,1.0,1
312,536,88,264,0.0,1.0,0.0,0.0,0.0,0.0,0.0,1.0,1
312,528,88,272,0.0,1.0,0.0,0.0,0.0,0.0,0.0,1.0,1
312,520,88,280,0.0,1.0,0.0,0.0,0.0,0.0,0.0,1.0,1
312,512,88,288,0.0,1.0,0.0,0.0,0.0,0.0,0.0,1.0,1
312,504,88,296,0.0,1.0,0.0,0.0,0.0,0.0,0.0,1.0,1
312,496,88,304,0.0,1.0,0.0,0.0,0.0,0.0,0.0,1.0,1
312,488,88,312,0.0,1.0,0.0,0.0,0.0,0.0,0.0,1.0,1
312,480,88,320,0.0,1.0,0.0,0.0,0.0,0.0,0.0,1.0,1
312,472,88,328,0.0,1.0,0.0,0.0,0.0,0.0,0.0,1.0,1
312,464,88,336,0.0,1.0,0.0,0.0,0.0,0.0,0.0,1.0,1
312,456,88,344,0.0,1.0,0.0,0.0,0.0,0.0,0.0,1.0,1
312,448,88,352,0.0,1.0,0.0,0.0,0.0,0.0,0.0,1.0,0
304,448,96,352,,,,,0.0,0.0,1.0,0.0,0
296,448,104,352,,,,,0.0,0.0,1.0,0.0,0
288,448,112,352,,,,,0.0,0.0,1.0,0.0,0
280,448,120,352,,,,,0.0,0.0,1.0,0.0,0
272,448,128,352,,,,,0.0,0.0,1.0,0.0,0
264,448,136,352,,,,,0.0,0.0,1.0,0.0,0
256,448,144,352,,,,,0.0,0.0,1.0,0.0,0
248,448,152,352,,,,,0.0,0.0,1.0,0.0,0
240,448,160,352,,,,,0.0,0.0,1.0,0.0,0
232,448,168,352,,,,,0.0,0.0,1.0,0.0,0
224,448,176,352,,,,,0.0,0.0,1.0,0.0,0
216,448,184,352,,,,,0.0,0.0,1.0,0.0,0
208,448,192,352,,,,,0.0,0.0,1.0,0.0,0
200,448,200,352,,,,,0.0,0.0,1.0,0.0,0
192,448,208,352,,,,,0.0,0.0,1.0,0.0,0
184,448,216,352,,,,,0.0,0.0,1.0,0.0,0
176,448,224,352,,,,,0.0,0.0,1.0,0.0,0
168,448,232,352,,,,,0.0,0.0,1.0,0.0,0
160,448,240,352,,,,,0.0,0.0,1.0,0.0,0
152,448,248,352,,,,,0.0,0.0,1.0,0.0,0
144,448,256,352,,,,,0.0,0.0,1.0,0.0,0
136,448,264,352,0.0,0.0,0.0,1.0,0.0,0.0,1.0,0.0,3
136,456,264,344,0.0,0.0,0.0,1.0,0.0,1.0,0.0,0.0,3
136,464,264,336,0.0,0.0,0.0,1.0,0.0,1.0,0.0,0.0,3
136,472,264,328,0.0,0.0,0.0,1.0,0.0,1.0,0.0,0.0,3
136,480,264,320,0.0,0.0,0.0,1.0,0.0,1.0,0.0,0.0,3
136,488,264,312,0.0,0.0,0.0,1.0,0.0,1.0,0.0,0.0,3
136,496,264,304,0.0,0.0,0.0,1.0,0.0,1.0,0.0,0.0,3
136,504,264,296,0.0,0.0,0.0,1.0,0.0,1.0,0.0,0.0,3
136,512,264,288,0.0,0.0,0.0,1.0,0.0,1.0,0.0,0.0,3
136,520,264,280,0.0,0.0,0.0,1.0,0.0,1.0,0.0,0.0,2
144,520,256,280,,,,,1.0,0.0,0.0,0.0,2
152,520,248,280,,,,,1.0,0.0,0.0,0.0,2
160,520,240,280,,,,,1.0,0.0,0.0,0.0,2
168,520,232,280,,,,,1.0,0.0,0.0,0.0,2
176,520,224,280,,,,,1.0,0.0,0.0,0.0,2
184,520,216,280,,,,,1.0,0.0,0.0,0.0,2
192,520,208,280,,,,,1.0,0.0,0.0,0.0,2
200,520,200,280,,,,,1.0,0.0,0.0,0.0,2
208,520,192,280,,,,,1.0,0.0,0.0,0.0,2
216,520,184,280,,,,,1.0,0.0,0.0,0.0,2
224,520,176,280,,,,,1.0,0.0,0.0,0.0,2
232,520,168,280,,,,,1.0,0.0,0.0,0.0,2
240,520,160,280,,,,,1.0,0.0,0.0,0.0,2
248,520,152,280,,,,,1.0,0.0,0.0,0.0,2
256,520,144,280,,,,,1.0,0.0,0.0,0.0,2
264,520,136,280,,,,,1.0,0.0,0.0,0.0,2
272,520,128,280,,,,,1.0,0.0,0.0,0.0,2
280,520,120,280,,,,,1.0,0.0,0.0,0.0,2
288,520,112,280,,,,,1.0,0.0,0.0,0.0,2
296,520,104,280,,,,,1.0,0.0,0.0,0.0,2
304,520,96,280,,,,,1.0,0.0,0.0,0.0,2
312,520,88,280,,,,,1.0,0.0,0.0,0.0,2
320,520,80,280,0.0,1.0,0.0,0.0,1.0,0.0,0.0,0.0,1
320,512,80,288,0.0,1.0,0.0,0.0,0.0,0.0,0.0,1.0,1
320,504,80,296,0.0,1.0,0.0,0.0,0.0,0.0,0.0,1.0,1
320,496,80,304,0.0,1.0,0.0,0.0,0.0,0.0,0.0,1.0,1
320,488,80,312,0.0,1.0,0.0,0.0,0.0,0.0,0.0,1.0,1
320,480,80,320,0.0,1.0,0.0,0.0,0.0,0.0,0.0,1.0,1
320,472,80,328,0.0,1.0,0.0,0.0,0.0,0.0,0.0,1.0,1
320,464,80,336,0.0,1.0,0.0,0.0,0.0,0.0,0.0,1.0,1
320,456,80,344,0.0,1.0,0.0,0.0,0.0,0.0,0.0,1.0,1
320,448,80,352,0.0,1.0,0.0,0.0,0.0,0.0,0.0,1.0,1
320,440,80,360,0.0,1.0,0.0,0.0,0.0,0.0,0.0,1.0,1
320,432,80,368,0.0,1.0,0.0,0.0,0.0,0.0,0.0,1.0,1
320,424,80,376,0.0,1.0,0.0,0.0,0.0,0.0,0.0,1.0,1
320,416,80,384,0.0,1.0,0.0,0.0,0.0,0.0,0.0,1.0,1
320,408,80,392,0.0,1.0,0.0,0.0,0.0,0.0,0.0,1.0,1
320,400,80,400,0.0,1.0,0.0,0.0,0.0,0.0,0.0,1.0,1
320,392,80,408,0.0,1.0,0.0,0.0,0.0,0.0,0.0,1.0,1
320,384,80,416,0.0,1.0,0.0,0.0,0.0,0.0,0.0,1.0,1
320,376,80,424,0.0,1.0,0.0,0.0,0.0,0.0,0.0,1.0,1
320,368,80,432,0.0,1.0,0.0,0.0,0.0,0.0,0.0,1.0,1
320,360,80,440,0.0,1.0,0.0,0.0,0.0,0.0,0.0,1.0,1
320,352,80,448,0.0,1.0,0.0,0.0,0.0,0.0,0.0,1.0,1
320,344,80,456,0.0,1.0,0.0,0.0,0.0,0.0,0.0,1.0,1
320,336,80,464,0.0,1.0,0.0,0.0,0.0,0.0,0.0,1.0,1
320,328,80,472,0.0,1.0,0.0,0.0,0.0,0.0,0.0,1.0,1
320,320,80,480,0.0,1.0,0.0,0.0,0.0,0.0,0.0,1.0,1
320,312,80,488,0.0,1.0,0.0,0.0,0.0,0.0,0.0,1.0,1
320,304,80,496,0.0,1.0,0.0,0.0,0.0,0.0,0.0,1.0,1
320,296,80,504,0.0,1.0,0.0,0.0,0.0,0.0,0.0,1.0,1
320,288,80,512,0.0,1.0,0.0,0.0,0.0,0.0,0.0,1.0,1
320,280,80,520,0.0,1.0,0.0,0.0,0.0,0.0,0.0,1.0,1
320,272,80,528,0.0,1.0,0.0,0.0,0.0,0.0,0.0,1.0,1
320,264,80,536,0.0,1.0,0.0,0.0,0.0,0.0,0.0,1.0,1
320,256,80,544,0.0,1.0,0.0,0.0,0.0,0.0,0.0,1.0,0
312,256,88,544,,,,,0.0,0.0,1.0,0.0,0
304,256,96,544,,,,,0.0,0.0,1.0,0.0,0
296,256,104,544,,,,,0.0,0.0,1.0,0.0,0
288,256,112,544,,,,,0.0,0.0,1.0,0.0,0
280,256,120,544,0.0,1.0,0.0,0.0,0.0,0.0,1.0,0.0,1
280,248,120,552,0.0,1.0,0.0,0.0,0.0,0.0,0.0,1.0,0
272,248,128,552,,,,,0.0,0.0,1.0,0.0,0
264,248,136,552,,,,,0.0,0.0,1.0,0.0,0
256,248,144,552,,,,,0.0,0.0,1.0,0.0,0
248,248,152,552,,,,,0.0,0.0,1.0,0.0,0
240,248,160,552,0.0,1.0,0.0,0.0,0.0,0.0,1.0,0.0,1
240,240,160,560,0.0,1.0,0.0,0.0,0.0,0.0,0.0,1.0,1
240,232,160,568,0.0,1.0,0.0,0.0,0.0,0.0,0.0,1.0,1
240,224,160,576,0.0,1.0,0.0,0.0,0.0,0.0,0.0,1.0,1
240,216,160,584,0.0,1.0,0.0,0.0,0.0,0.0,0.0,1.0,1
240,208,160,592,0.0,1.0,0.0,0.0,0.0,0.0,0.0,1.0,1
240,200,160,600,0.0,1.0,0.0,0.0,0.0,0.0,0.0,1.0,1
240,192,160,608,0.0,1.0,0.0,0.0,0.0,0.0,0.0,1.0,1
240,184,160,616,0.0,1.0,0.0,0.0,0.0,0.0,0.0,1.0,1
240,176,160,624,0.0,1.0,0.0,0.0,0.0,0.0,0.0,1.0,1
240,168,160,632,0.0,1.0,0.0,0.0,0.0,0.0,0.0,1.0,1
240,160,160,640,0.0,1.0,0.0,0.0,0.0,0.0,0.0,1.0,0
232,160,168,640,,,,,0.0,0.0,1.0,0.0,0
224,160,176,640,0.0,0.0,0.0,1.0,0.0,0.0,1.0,0.0,3
224,168,176,632,0.0,0.0,0.0,1.0,0.0,1.0,0.0,0.0,3
224,176,176,624,0.0,0.0,0.0,1.0,0.0,1.0,0.0,0.0,3
224,184,176,616,0.0,0.0,0.0,1.0,0.0,1.0,0.0,0.0,3
224,192,176,608,0.0,0.0,0.0,1.0,0.0,1.0,0.0,0.0,3
224,200,176,600,0.0,0.0,0.0,1.0,0.0,1.0,0.0,0.0,3
224,208,176,592,0.0,0.0,0.0,1.0,0.0,1.0,0.0,0.0,3
224,216,176,584,0.0,0.0,0.0,1.0,0.0,1.0,0.0,0.0,3
224,224,176,576,0.0,0.0,0.0,1.0,0.0,1.0,0.0,0.0,3
224,232,176,568,0.0,0.0,0.0,1.0,0.0,1.0,0.0,0.0,3
224,240,176,560,0.0,0.0,0.0,1.0,0.0,1.0,0.0,0.0,3
224,248,176,552,0.0,0.0,0.0,1.0,0.0,1.0,0.0,0.0,3
224,256,176,544,0.0,0.0,0.0,1.0,0.0,1.0,0.0,0.0,3
224,264,176,536,0.0,0.0,0.0,1.0,0.0,1.0,0.0,0.0,3
224,272,176,528,0.0,0.0,0.0,1.0,0.0,1.0,0.0,0.0,3
224,280,176,520,0.0,0.0,0.0,1.0,0.0,1.0,0.0,0.0,3
224,288,176,512,0.0,0.0,0.0,1.0,0.0,1.0,0.0,0.0,3
224,296,176,504,0.0,0.0,0.0,1.0,0.0,1.0,0.0,0.0,3
224,304,176,496,0.0,0.0,0.0,1.0,0.0,1.0,0.0,0.0,3
224,312,176,488,0.0,0.0,0.0,1.0,0.0,1.0,0.0,0.0,3
224,320,176,480,0.0,0.0,0.0,1.0,0.0,1.0,0.0,0.0,3
224,328,176,472,0.0,0.0,0.0,1.0,0.0,1.0,0.0,0.0,3
224,336,176,464,0.0,0.0,0.0,1.0,0.0,1.0,0.0,0.0,3
224,344,176,456,0.0,0.0,0.0,1.0,0.0,1.0,0.0,0.0,3
224,352,176,448,0.0,0.0,0.0,1.0,0.0,1.0,0.0,0.0,3
224,360,176,440,0.0,0.0,0.0,1.0,0.0,1.0,0.0,0.0,3
224,368,176,432,0.0,0.0,0.0,1.0,0.0,1.0,0.0,0.0,3
224,376,176,424,0.0,0.0,0.0,1.0,0.0,1.0,0.0,0.0,3
224,384,176,416,0.0,0.0,0.0,1.0,0.0,1.0,0.0,0.0,3
224,392,176,408,0.0,0.0,0.0,1.0,0.0,1.0,0.0,0.0,3
224,400,176,400,0.0,0.0,0.0,1.0,0.0,1.0,0.0,0.0,3
224,408,176,392,0.0,0.0,0.0,1.0,0.0,1.0,0.0,0.0,3
224,416,176,384,0.0,0.0,0.0,1.0,0.0,1.0,0.0,0.0,3
224,424,176,376,0.0,0.0,0.0,1.0,0.0,1.0,0.0,0.0,3
224,432,176,368,0.0,0.0,0.0,1.0,0.0,1.0,0.0,0.0,3
224,440,176,360,0.0,0.0,0.0,1.0,0.0,1.0,0.0,0.0,3
224,448,176,352,0.0,0.0,0.0,1.0,0.0,1.0,0.0,0.0,3
224,456,176,344,0.0,0.0,0.0,1.0,0.0,1.0,0.0,0.0,3
224,464,176,336,0.0,0.0,0.0,1.0,0.0,1.0,0.0,0.0,3
224,472,176,328,0.0,0.0,0.0,1.0,0.0,1.0,0.0,0.0,3
224,480,176,320,0.0,0.0,0.0,1.0,0.0,1.0,0.0,0.0,3
224,488,176,312,0.0,0.0,0.0,1.0,0.0,1.0,0.0,0.0,3
224,496,176,304,0.0,0.0,0.0,1.0,0.0,1.0,0.0,0.0,2
232,496,168,304,,,,,1.0,0.0,0.0,0.0,2
240,496,160,304,,,,,1.0,0.0,0.0,0.0,2
248,496,152,304,,,,,1.0,0.0,0.0,0.0,2
256,496,144,304,0.0,1.0,0.0,0.0,1.0,0.0,0.0,0.0,1
256,488,144,312,0.0,1.0,0.0,0.0,0.0,0.0,0.0,1.0,1
256,480,144,320,0.0,1.0,0.0,0.0,0.0,0.0,0.0,1.0,1
256,472,144,328,0.0,1.0,0.0,0.0,0.0,0.0,0.0,1.0,1
256,464,144,336,0.0,1.0,0.0,0.0,0.0,0.0,0.0,1.0,1
256,456,144,344,0.0,1.0,0.0,0.0,0.0,0.0,0.0,1.0,1
256,448,144,352,0.0,1.0,0.0,0.0,0.0,0.0,0.0,1.0,1
256,440,144,360,0.0,1.0,0.0,0.0,0.0,0.0,0.0,1.0,1
256,432,144,368,0.0,1.0,0.0,0.0,0.0,0.0,0.0,1.0,1
256,424,144,376,0.0,1.0,0.0,0.0,0.0,0.0,0.0,1.0,1
256,416,144,384,0.0,1.0,0.0,0.0,0.0,0.0,0.0,1.0,1
256,408,144,392,0.0,1.0,0.0,0.0,0.0,0.0,0.0,1.0,1
256,400,144,400,0.0,1.0,0.0,0.0,0.0,0.0,0.0,1.0,1
256,392,144,408,0.0,1.0,0.0,0.0,0.0,0.0,0.0,1.0,1
256,384,144,416,0.0,1.0,0.0,0.0,0.0,0.0,0.0,1.0,1
256,376,144,424,0.0,1.0,0.0,0.0,0.0,0.0,0.0,1.0,1
256,368,144,432,0.0,1.0,0.0,0.0,0.0,0.0,0.0,1.0,1
256,360,144,440,0.0,1.0,0.0,0.0,0.0,0.0,0.0,1.0,1
256,352,144,448,0.0,1.0,0.0,0.0,0.0,0.0,0.0,1.0,1
256,344,144,456,0.0,1.0,0.0,0.0,0.0,0.0,0.0,1.0,1
256,336,144,464,0.0,1.0,0.0,0.0,0.0,0.0,0.0,1.0,1
256,328,144,472,0.0,1.0,0.0,0.0,0.0,0.0,0.0,1.0,1
256,320,144,480,0.0,1.0,0.0,0.0,0.0,0.0,0.0,1.0,1
256,312,144,488,0.0,1.0,0.0,0.0,0.0,0.0,0.0,1.0,1
256,304,144,496,0.0,1.0,0.0,0.0,0.0,0.0,0.0,1.0,1
256,296,144,504,0.0,1.0,0.0,0.0,0.0,0.0,0.0,1.0,1
256,288,144,512,0.0,1.0,0.0,0.0,0.0,0.0,0.0,1.0,1
256,280,144,520,0.0,1.0,0.0,0.0,0.0,0.0,0.0,1.0,1
256,272,144,528,0.0,1.0,0.0,0.0,0.0,0.0,0.0,1.0,1
256,264,144,536,0.0,1.0,0.0,0.0,0.0,0.0,0.0,1.0,1
256,256,144,544,0.0,1.0,0.0,0.0,0.0,0.0,0.0,1.0,1
256,248,144,552,0.0,1.0,0.0,0.0,0.0,0.0,0.0,1.0,1
256,240,144,560,0.0,1.0,0.0,0.0,0.0,0.0,0.0,1.0,1
256,232,144,568,0.0,1.0,0.0,0.0,0.0,0.0,0.0,1.0,2
264,232,136,568,,,,,1.0,0.0,0.0,0.0,2
272,232,128,568,,,,,1.0,0.0,0.0,0.0,2
280,232,120,568,,,,,1.0,0.0,0.0,0.0,2
288,232,112,568,,,,,1.0,0.0,0.0,0.0,2
296,232,104,568,,,,,1.0,0.0,0.0,0.0,2
304,232,96,568,,,,,1.0,0.0,0.0,0.0,2
312,232,88,568,,,,,1.0,0.0,0.0,0.0,2
320,232,80,568,,,,,1.0,0.0,0.0,0.0,2
328,232,72,568,,,,,1.0,0.0,0.0,0.0,2
336,232,64,568,0.0,0.0,0.0,1.0,1.0,0.0,0.0,0.0,3
336,240,64,560,0.0,0.0,0.0,1.0,0.0,1.0,0.0,0.0,3
336,248,64,552,0.0,0.0,0.0,1.0,0.0,1.0,0.0,0.0,3
336,256,64,544,0.0,0.0,0.0,1.0,0.0,1.0,0.0,0.0,3
336,264,64,536,0.0,0.0,0.0,1.0,0.0,1.0,0.0,0.0,3
336,272,64,528,0.0,0.0,0.0,1.0,0.0,1.0,0.0,0.0,3
336,280,64,520,0.0,0.0,0.0,1.0,0.0,1.0,0.0,0.0,3
336,288,64,512,0.0,0.0,0.0,1.0,0.0,1.0,0.0,0.0,3
336,296,64,504,0.0,0.0,0.0,1.0,0.0,1.0,0.0,0.0,3
336,304,64,496,0.0,0.0,0.0,1.0,0.0,1.0,0.0,0.0,3
336,312,64,488,0.0,0.0,0.0,1.0,0.0,1.0,0.0,0.0,3
336,320,64,480,0.0,0.0,0.0,1.0,0.0,1.0,0.0,0.0,3
336,328,64,472,0.0,0.0,0.0,1.0,0.0,1.0,0.0,0.0,3
336,336,64,464,0.0,0.0,0.0,1.0,0.0,1.0,0.0,0.0,3
336,344,64,456,0.0,0.0,0.0,1.0,0.0,1.0,0.0,0.0,3
336,352,64,448,0.0,0.0,0.0,1.0,0.0,1.0,0.0,0.0,3
336,360,64,440,0.0,0.0,0.0,1.0,0.0,1.0,0.0,0.0,3
336,368,64,432,0.0,0.0,0.0,1.0,0.0,1.0,0.0,0.0,3
336,376,64,424,0.0,0.0,0.0,1.0,0.0,1.0,0.0,0.0,3
336,384,64,416,0.0,0.0,0.0,1.0,0.0,1.0,0.0,0.0,3
336,392,64,408,0.0,0.0,0.0,1.0,0.0,1.0,0.0,0.0,3
336,400,64,400,0.0,0.0,0.0,1.0,0.0,1.0,0.0,0.0,3
336,408,64,392,0.0,0.0,0.0,1.0,0.0,1.0,0.0,0.0,3
336,416,64,384,0.0,0.0,0.0,1.0,0.0,1.0,0.0,0.0,3
336,424,64,376,0.0,0.0,0.0,1.0,0.0,1.0,0.0,0.0,3
336,432,64,368,0.0,0.0,0.0,1.0,0.0,1.0,0.0,0.0,3
336,440,64,360,0.0,0.0,0.0,1.0,0.0,1.0,0.0,0.0,3
336,448,64,352,0.0,0.0,0.0,1.0,0.0,1.0,0.0,0.0,3
336,456,64,344,0.0,0.0,0.0,1.0,0.0,1.0,0.0,0.0,3
336,464,64,336,0.0,0.0,0.0,1.0,0.0,1.0,0.0,0.0,3
336,472,64,328,0.0,0.0,0.0,1.0,0.0,1.0,0.0,0.0,3
336,480,64,320,0.0,0.0,0.0,1.0,0.0,1.0,0.0,0.0,3
336,488,64,312,0.0,0.0,0.0,1.0,0.0,1.0,0.0,0.0,3
336,496,64,304,0.0,0.0,0.0,1.0,0.0,1.0,0.0,0.0,3
336,504,64,296,0.0,0.0,0.0,1.0,0.0,1.0,0.0,0.0,3
336,512,64,288,0.0,0.0,0.0,1.0,0.0,1.0,0.0,0.0,3
336,520,64,280,0.0,0.0,0.0,1.0,0.0,1.0,0.0,0.0,3
336,528,64,272,0.0,0.0,0.0,1.0,0.0,1.0,0.0,0.0,3
336,536,64,264,0.0,0.0,0.0,1.0,0.0,1.0,0.0,0.0,0
328,536,72,264,,,,,0.0,0.0,1.0,0.0,0
320,536,80,264,,,,,0.0,0.0,1.0,0.0,0
312,536,88,264,,,,,0.0,0.0,1.0,0.0,0
304,536,96,264,,,,,0.0,0.0,1.0,0.0,0
296,536,104,264,,,,,0.0,0.0,1.0,0.0,0
288,536,112,264,,,,,0.0,0.0,1.0,0.0,0
280,536,120,264,,,,,0.0,0.0,1.0,0.0,0
272,536,128,264,,,,,0.0,0.0,1.0,0.0,0
264,536,136,264,,,,,0.0,0.0,1.0,0.0,0
256,536,144,264,,,,,0.0,0.0,1.0,0.0,0
248,536,152,264,,,,,0.0,0.0,1.0,0.0,0
240,536,160,264,,,,,0.0,0.0,1.0,0.0,0
232,536,168,264,,,,,0.0,0.0,1.0,0.0,0
224,536,176,264,,,,,0.0,0.0,1.0,0.0,0
216,536,184,264,,,,,0.0,0.0,1.0,0.0,0
208,536,192,264,,,,,0.0,0.0,1.0,0.0,0
200,536,200,264,,,,,0.0,0.0,1.0,0.0,0
192,536,208,264,,,,,0.0,0.0,1.0,0.0,0
184,536,216,264,,,,,0.0,0.0,1.0,0.0,0
176,536,224,264,,,,,0.0,0.0,1.0,0.0,0
168,536,232,264,,,,,0.0,0.0,1.0,0.0,0
160,536,240,264,,,,,0.0,0.0,1.0,0.0,0
152,536,248,264,,,,,0.0,0.0,1.0,0.0,0
144,536,256,264,,,,,0.0,0.0,1.0,0.0,0
136,536,264,264,0.0,1.0,0.0,0.0,0.0,0.0,1.0,0.0,1
136,528,264,272,0.0,1.0,0.0,0.0,0.0,0.0,0.0,1.0,1
136,520,264,280,0.0,1.0,0.0,0.0,0.0,0.0,0.0,1.0,1
136,512,264,288,0.0,1.0,0.0,0.0,0.0,0.0,0.0,1.0,1
136,504,264,296,0.0,1.0,0.0,0.0,0.0,0.0,0.0,1.0,1
136,496,264,304,0.0,1.0,0.0,0.0,0.0,0.0,0.0,1.0,1
136,488,264,312,0.0,1.0,0.0,0.0,0.0,0.0,0.0,1.0,1
136,480,264,320,0.0,1.0,0.0,0.0,0.0,0.0,0.0,1.0,1
136,472,264,328,0.0,1.0,0.0,0.0,0.0,0.0,0.0,1.0,1
136,464,264,336,0.0,1.0,0.0,0.0,0.0,0.0,0.0,1.0,1
136,456,264,344,0.0,1.0,0.0,0.0,0.0,0.0,0.0,1.0,1
136,448,264,352,0.0,1.0,0.0,0.0,0.0,0.0,0.0,1.0,1
136,440,264,360,0.0,1.0,0.0,0.0,0.0,0.0,0.0,1.0,1
136,432,264,368,0.0,1.0,0.0,0.0,0.0,0.0,0.0,1.0,1
136,424,264,376,0.0,1.0,0.0,0.0,0.0,0.0,0.0,1.0,1
136,416,264,384,0.0,1.0,0.0,0.0,0.0,0.0,0.0,1.0,1
136,408,264,392,0.0,1.0,0.0,0.0,0.0,0.0,0.0,1.0,1
136,400,264,400,0.0,1.0,0.0,0.0,0.0,0.0,0.0,1.0,1
136,392,264,408,0.0,1.0,0.0,0.0,0.0,0.0,0.0,1.0,1
136,384,264,416,0.0,1.0,0.0,0.0,0.0,0.0,0.0,1.0,1
136,376,264,424,0.0,1.0,0.0,0.0,0.0,0.0,0.0,1.0,1
136,368,264,432,0.0,1.0,0.0,0.0,0.0,0.0,0.0,1.0,1
136,360,264,440,0.0,1.0,0.0,0.0,0.0,0.0,0.0,1.0,1
136,352,264,448,0.0,1.0,0.0,0.0,0.0,0.0,0.0,1.0,1
136,344,264,456,0.0,1.0,0.0,0.0,0.0,0.0,0.0,1.0,1
136,336,264,464,0.0,1.0,0.0,0.0,0.0,0.0,0.0,1.0,1
136,328,264,472,0.0,1.0,0.0,0.0,0.0,0.0,0.0,1.0,0
128,328,272,472,,,,,0.0,0.0,1.0,0.0,0
120,328,280,472,,,,,0.0,0.0,1.0,0.0,0
112,328,288,472,,,,,0.0,0.0,1.0,0.0,0
104,328,296,472,0.0,1.0,0.0,0.0,0.0,0.0,1.0,0.0,1
104,320,296,480,0.0,1.0,0.0,0.0,0.0,0.0,0.0,1.0,1
104,312,296,488,0.0,1.0,0.0,0.0,0.0,0.0,0.0,1.0,1
104,304,296,496,0.0,1.0,0.0,0.0,0.0,0.0,0.0,1.0,1
104,296,296,504,0.0,1.0,0.0,0.0,0.0,0.0,0.0,1.0,1
104,288,296,512,0.0,1.0,0.0,0.0,0.0,0.0,0.0,1.0,1
104,280,296,520,0.0,1.0,0.0,0.0,0.0,0.0,0.0,1.0,1
104,272,296,528,0.0,1.0,0.0,0.0,0.0,0.0,0.0,1.0,1
104,264,296,536,0.0,1.0,0.0,0.0,0.0,0.0,0.0,1.0,1
104,256,296,544,0.0,1.0,0.0,0.0,0.0,0.0,0.0,1.0,1
104,248,296,552,0.0,1.0,0.0,0.0,0.0,0.0,0.0,1.0,1
104,240,296,560,0.0,1.0,0.0,0.0,0.0,0.0,0.0,1.0,1
104,232,296,568,0.0,1.0,0.0,0.0,0.0,0.0,0.0,1.0,1
104,224,296,576,0.0,1.0,0.0,0.0,0.0,0.0,0.0,1.0,1
104,216,296,584,0.0,1.0,0.0,0.0,0.0,0.0,0.0,1.0,1
104,208,296,592,0.0,1.0,0.0,0.0,0.0,0.0,0.0,1.0,1
104,200,296,600,0.0,1.0,0.0,0.0,0.0,0.0,0.0,1.0,1
104,192,296,608,0.0,1.0,0.0,0.0,0.0,0.0,0.0,1.0,1
104,184,296,616,0.0,1.0,0.0,0.0,0.0,0.0,0.0,1.0,1
104,176,296,624,0.0,1.0,0.0,0.0,0.0,0.0,0.0,1.0,1
104,168,296,632,0.0,1.0,0.0,0.0,0.0,0.0,0.0,1.0,1
104,160,296,640,0.0,1.0,0.0,0.0,0.0,0.0,0.0,1.0,2
112,160,288,640,,,,,1.0,0.0,0.0,0.0,2
120,160,280,640,,,,,1.0,0.0,0.0,0.0,2
128,160,272,640,,,,,1.0,0.0,0.0,0.0,2
136,160,264,640,,,,,1.0,0.0,0.0,0.0,2
144,160,256,640,,,,,1.0,0.0,0.0,0.0,2
152,160,248,640,,,,,1.0,0.0,0.0,0.0,2
160,160,240,640,,,,,1.0,0.0,0.0,0.0,2
168,160,232,640,,,,,1.0,0.0,0.0,0.0,2
176,160,224,640,,,,,1.0,0.0,0.0,0.0,2
184,160,216,640,,,,,1.0,0.0,0.0,0.0,2
192,160,208,640,,,,,1.0,0.0,0.0,0.0,2
200,160,200,640,,,,,1.0,0.0,0.0,0.0,2
208,160,192,640,,,,,1.0,0.0,0.0,0.0,2
216,160,184,640,,,,,1.0,0.0,0.0,0.0,2
224,160,176,640,,,,,1.0,0.0,0.0,0.0,2
232,160,168,640,,,,,1.0,0.0,0.0,0.0,2
240,160,160,640,,,,,1.0,0.0,0.0,0.0,2
248,160,152,640,,,,,1.0,0.0,0.0,0.0,2
256,160,144,640,,,,,1.0,0.0,0.0,0.0,2
264,160,136,640,,,,,1.0,0.0,0.0,0.0,2
272,160,128,640,,,,,1.0,0.0,0.0,0.0,2
280,160,120,640,,,,,1.0,0.0,0.0,0.0,2
288,160,112,640,,,,,1.0,0.0,0.0,0.0,2
296,160,104,640,,,,,1.0,0.0,0.0,0.0,2
304,160,96,640,,,,,1.0,0.0,0.0,0.0,2
312,160,88,640,,,,,1.0,0.0,0.0,0.0,2
320,160,80,640,,,,,1.0,0.0,0.0,0.0,2
328,160,72,640,,,,,1.0,0.0,0.0,0.0,2
336,160,64,640,,,,,1.0,0.0,0.0,0.0,2
344,160,56,640,,,,,1.0,0.0,0.0,0.0,2
352,160,48,640,,,,,1.0,0.0,0.0,0.0,2
360,160,40,640,,,,,1.0,0.0,0.0,0.0,2
368,160,32,640,0.0,0.0,0.0,1.0,1.0,0.0,0.0,0.0,3
368,168,32,632,0.0,0.0,0.0,1.0,0.0,1.0,0.0,0.0,3
368,176,32,624,0.0,0.0,0.0,1.0,0.0,1.0,0.0,0.0,3
368,184,32,616,0.0,0.0,0.0,1.0,0.0,1.0,0.0,0.0,3
368,192,32,608,0.0,0.0,0.0,1.0,0.0,1.0,0.0,0.0,3
368,200,32,600,0.0,0.0,0.0,1.0,0.0,1.0,0.0,0.0,3
368,208,32,592,0.0,0.0,0.0,1.0,0.0,1.0,0.0,0.0,3
368,216,32,584,0.0,0.0,0.0,1.0,0.0,1.0,0.0,0.0,3
368,224,32,576,0.0,0.0,0.0,1.0,0.0,1.0,0.0,0.0,3
368,232,32,568,0.0,0.0,0.0,1.0,0.0,1.0,0.0,0.0,3
368,240,32,560,0.0,0.0,0.0,1.0,0.0,1.0,0.0,0.0,3
368,248,32,552,0.0,0.0,0.0,1.0,0.0,1.0,0.0,0.0,3
368,256,32,544,0.0,0.0,0.0,1.0,0.0,1.0,0.0,0.0,3
368,264,32,536,0.0,0.0,0.0,1.0,0.0,1.0,0.0,0.0,3
368,272,32,528,0.0,0.0,0.0,1.0,0.0,1.0,0.0,0.0,3
368,280,32,520,0.0,0.0,0.0,1.0,0.0,1.0,0.0,0.0,3
368,288,32,512,0.0,0.0,0.0,1.0,0.0,1.0,0.0,0.0,3
368,296,32,504,0.0,0.0,0.0,1.0,0.0,1.0,0.0,0.0,3
368,304,32,496,0.0,0.0,0.0,1.0,0.0,1.0,0.0,0.0,3
368,312,32,488,0.0,0.0,0.0,1.0,0.0,1.0,0.0,0.0,3
368,320,32,480,0.0,0.0,0.0,1.0,0.0,1.0,0.0,0.0,3
368,328,32,472,0.0,0.0,0.0,1.0,0.0,1.0,0.0,0.0,3
368,336,32,464,0.0,0.0,0.0,1.0,0.0,1.0,0.0,0.0,3
368,344,32,456,0.0,0.0,0.0,1.0,0.0,1.0,0.0,0.0,3
368,352,32,448,0.0,0.0,0.0,1.0,0.0,1.0,0.0,0.0,3
368,360,32,440,0.0,0.0,0.0,1.0,0.0,1.0,0.0,0.0,3
368,368,32,432,0.0,0.0,0.0,1.0,0.0,1.0,0.0,0.0,3
368,376,32,424,0.0,0.0,0.0,1.0,0.0,1.0,0.0,0.0,3
368,384,32,416,0.0,0.0,0.0,1.0,0.0,1.0,0.0,0.0,3
368,392,32,408,0.0,0.0,0.0,1.0,0.0,1.0,0.0,0.0,3
368,400,32,400,0.0,0.0,0.0,1.0,0.0,1.0,0.0,0.0,3
368,408,32,392,0.0,0.0,0.0,1.0,0.0,1.0,0.0,0.0,3
368,416,32,384,0.0,0.0,0.0,1.0,0.0,1.0,0.0,0.0,3
368,424,32,376,0.0,0.0,0.0,1.0,0.0,1.0,0.0,0.0,3
368,432,32,368,0.0,0.0,0.0,1.0,0.0,1.0,0.0,0.0,3
368,440,32,360,0.0,0.0,0.0,1.0,0.0,1.0,0.0,0.0,3
368,448,32,352,0.0,0.0,0.0,1.0,0.0,1.0,0.0,0.0,3
368,456,32,344,0.0,0.0,0.0,1.0,0.0,1.0,0.0,0.0,3
368,464,32,336,0.0,0.0,0.0,1.0,0.0,1.0,0.0,0.0,3
368,472,32,328,0.0,0.0,0.0,1.0,0.0,1.0,0.0,0.0,3
368,480,32,320,0.0,0.0,0.0,1.0,0.0,1.0,0.0,0.0,3
368,488,32,312,0.0,0.0,0.0,1.0,0.0,1.0,0.0,0.0,3
368,496,32,304,0.0,0.0,0.0,1.0,0.0,1.0,0.0,0.0,3
368,504,32,296,0.0,0.0,0.0,1.0,0.0,1.0,0.0,0.0,3
368,512,32,288,0.0,0.0,0.0,1.0,0.0,1.0,0.0,0.0,3
368,520,32,280,0.0,0.0,0.0,1.0,0.0,1.0,0.0,0.0,3
368,528,32,272,0.0,0.0,0.0,1.0,0.0,1.0,0.0,0.0,3
368,536,32,264,0.0,0.0,0.0,1.0,0.0,1.0,0.0,0.0,3
368,544,32,256,0.0,0.0,0.0,1.0,0.0,1.0,0.0,0.0,3
368,552,32,248,0.0,0.0,0.0,1.0,0.0,1.0,0.0,0.0,3
368,560,32,240,0.0,0.0,0.0,1.0,0.0,1.0,0.0,0.0,3
368,568,32,232,0.0,0.0,0.0,1.0,0.0,1.0,0.0,0.0,3
368,576,32,224,0.0,0.0,0.0,1.0,0.0,1.0,0.0,0.0,3
368,584,32,216,0.0,0.0,0.0,1.0,0.0,1.0,0.0,0.0,3
368,592,32,208,0.0,0.0,0.0,1.0,0.0,1.0,0.0,0.0,3
368,600,32,200,0.0,0.0,0.0,1.0,0.0,1.0,0.0,0.0,3
368,608,32,192,0.0,0.0,0.0,1.0,0.0,1.0,0.0,0.0,3
368,616,32,184,0.0,0.0,0.0,1.0,0.0,1.0,0.0,0.0,3
368,624,32,176,0.0,0.0,0.0,1.0,0.0,1.0,0.0,0.0,3
368,632,32,168,0.0,0.0,0.0,1.0,0.0,1.0,0.0,0.0,3
368,640,32,160,0.0,0.0,0.0,1.0,0.0,1.0,0.0,0.0,3
368,648,32,152,0.0,0.0,0.0,1.0,0.0,1.0,0.0,0.0,3
368,656,32,144,0.0,0.0,0.0,1.0,0.0,1.0,0.0,0.0,3
368,664,32,136,0.0,0.0,0.0,1.0,0.0,1.0,0.0,0.0,3
368,672,32,128,0.0,0.0,0.0,1.0,0.0,1.0,0.0,0.0,0
360,672,40,128,,,,,0.0,0.0,1.0,0.0,0
352,672,48,128,,,,,0.0,0.0,1.0,0.0,0
344,672,56,128,,,,,0.0,0.0,1.0,0.0,0
336,672,64,128,,,,,0.0,0.0,1.0,0.0,0
328,672,72,128,,,,,0.0,0.0,1.0,0.0,0
320,672,80,128,,,,,0.0,0.0,1.0,0.0,0
312,672,88,128,,,,,0.0,0.0,1.0,0.0,0
304,672,96,128,,,,,0.0,0.0,1.0,0.0,0
296,672,104,128,,,,,0.0,0.0,1.0,0.0,0
288,672,112,128,,,,,0.0,0.0,1.0,0.0,0
280,672,120,128,,,,,0.0,0.0,1.0,0.0,0
272,672,128,128,,,,,0.0,0.0,1.0,0.0,0
264,672,136,128,,,,,0.0,0.0,1.0,0.0,0
256,672,144,128,,,,,0.0,0.0,1.0,0.0,0
248,672,152,128,,,,,0.0,0.0,1.0,0.0,0
240,672,160,128,,,,,0.0,0.0,1.0,0.0,0
232,672,168,128,,,,,0.0,0.0,1.0,0.0,0
224,672,176,128,,,,,0.0,0.0,1.0,0.0,0
216,672,184,128,,,,,0.0,0.0,1.0,0.0,0
208,672,192,128,,,,,0.0,0.0,1.0,0.0,0
200,672,200,128,,,,,0.0,0.0,1.0,0.0,0
192,672,208,128,,,,,0.0,0.0,1.0,0.0,0
184,672,216,128,,,,,0.0,0.0,1.0,0.0,0
176,672,224,128,,,,,0.0,0.0,1.0,0.0,0
168,672,232,128,,,,,0.0,0.0,1.0,0.0,0
160,672,240,128,,,,,0.0,0.0,1.0,0.0,0
152,672,248,128,,,,,0.0,0.0,1.0,0.0,0
144,672,256,128,,,,,0.0,0.0,1.0,0.0,0
136,672,264,128,,,,,0.0,0.0,1.0,0.0,0
128,672,272,128,,,,,0.0,0.0,1.0,0.0,0
120,672,280,128,,,,,0.0,0.0,1.0,0.0,0
112,672,288,128,,,,,0.0,0.0,1.0,0.0,0
104,672,296,128,,,,,0.0,0.0,1.0,0.0,0
96,672,304,128,,,,,0.0,0.0,1.0,0.0,0
88,672,312,128,,,,,0.0,0.0,1.0,0.0,0
80,672,320,128,,,,,0.0,0.0,1.0,0.0,0
72,672,328,128,,,,,0.0,0.0,1.0,0.0,0
64,672,336,128,0.0,1.0,0.0,0.0,0.0,0.0,1.0,0.0,1
64,664,336,136,0.0,1.0,0.0,0.0,0.0,0.0,0.0,1.0,1
64,656,336,144,0.0,1.0,0.0,0.0,0.0,0.0,0.0,1.0,1
64,648,336,152,0.0,1.0,0.0,0.0,0.0,0.0,0.0,1.0,1
64,640,336,160,0.0,1.0,0.0,0.0,0.0,0.0,0.0,1.0,1
64,632,336,168,0.0,1.0,0.0,0.0,0.0,0.0,0.0,1.0,1
64,624,336,176,0.0,1.0,0.0,0.0,0.0,0.0,0.0,1.0,1
64,616,336,184,0.0,1.0,0.0,0.0,0.0,0.0,0.0,1.0,1
64,608,336,192,0.0,1.0,0.0,0.0,0.0,0.0,0.0,1.0,1
64,600,336,200,0.0,1.0,0.0,0.0,0.0,0.0,0.0,1.0,1
64,592,336,208,0.0,1.0,0.0,0.0,0.0,0.0,0.0,1.0,1
64,584,336,216,0.0,1.0,0.0,0.0,0.0,0.0,0.0,1.0,1
64,576,336,224,0.0,1.0,0.0,0.0,0.0,0.0,0.0,1.0,1
64,568,336,232,0.0,1.0,0.0,0.0,0.0,0.0,0.0,1.0,1
64,560,336,240,0.0,1.0,0.0,0.0,0.0,0.0,0.0,1.0,1
64,552,336,248,0.0,1.0,0.0,0.0,0.0,0.0,0.0,1.0,1
64,544,336,256,0.0,1.0,0.0,0.0,0.0,0.0,0.0,1.0,1
64,536,336,264,0.0,1.0,0.0,0.0,0.0,0.0,0.0,1.0,1
64,528,336,272,0.0,1.0,0.0,0.0,0.0,0.0,0.0,1.0,1
64,520,336,280,0.0,1.0,0.0,0.0,0.0,0.0,0.0,1.0,1
64,512,336,288,0.0,1.0,0.0,0.0,0.0,0.0,0.0,1.0,1
64,504,336,296,0.0,1.0,0.0,0.0,0.0,0.0,0.0,1.0,1
64,496,336,304,0.0,1.0,0.0,0.0,0.0,0.0,0.0,1.0,1
64,488,336,312,0.0,1.0,0.0,0.0,0.0,0.0,0.0,1.0,1
64,480,336,320,0.0,1.0,0.0,0.0,0.0,0.0,0.0,1.0,1
64,472,336,328,0.0,1.0,0.0,0.0,0.0,0.0,0.0,1.0,1
64,464,336,336,0.0,1.0,0.0,0.0,0.0,0.0,0.0,1.0,1
64,456,336,344,0.0,1.0,0.0,0.0,0.0,0.0,0.0,1.0,1
64,448,336,352,0.0,1.0,0.0,0.0,0.0,0.0,0.0,1.0,1
64,440,336,360,0.0,1.0,0.0,0.0,0.0,0.0,0.0,1.0,1
64,432,336,368,0.0,1.0,0.0,0.0,0.0,0.0,0.0,1.0,1
64,424,336,376,0.0,1.0,0.0,0.0,0.0,0.0,0.0,1.0,1
64,416,336,384,0.0,1.0,0.0,0.0,0.0,0.0,0.0,1.0,1
64,408,336,392,0.0,1.0,0.0,0.0,0.0,0.0,0.0,1.0,1
64,400,336,400,0.0,1.0,0.0,0.0,0.0,0.0,0.0,1.0,1
64,392,336,408,0.0,1.0,0.0,0.0,0.0,0.0,0.0,1.0,1
64,384,336,416,0.0,1.0,0.0,0.0,0.0,0.0,0.0,1.0,1
64,376,336,424,0.0,1.0,0.0,0.0,0.0,0.0,0.0,1.0,1
64,368,336,432,0.0,1.0,0.0,0.0,0.0,0.0,0.0,1.0,1
64,360,336,440,0.0,1.0,0.0,0.0,0.0,0.0,0.0,1.0,1
64,352,336,448,0.0,1.0,0.0,0.0,0.0,0.0,0.0,1.0,1
64,344,336,456,0.0,1.0,0.0,0.0,0.0,0.0,0.0,1.0,1
64,336,336,464,0.0,1.0,0.0,0.0,0.0,0.0,0.0,1.0,1
64,328,336,472,0.0,1.0,0.0,0.0,0.0,0.0,0.0,1.0,1
64,320,336,480,0.0,1.0,0.0,0.0,0.0,0.0,0.0,1.0,1
64,312,336,488,0.0,1.0,0.0,0.0,0.0,0.0,0.0,1.0,1
64,304,336,496,0.0,1.0,0.0,0.0,0.0,0.0,0.0,1.0,1
64,296,336,504,0.0,1.0,0.0,0.0,0.0,0.0,0.0,1.0,1
64,288,336,512,0.0,1.0,0.0,0.0,0.0,0.0,0.0,1.0,1
64,280,336,520,0.0,1.0,0.0,0.0,0.0,0.0,0.0,1.0,2
72,280,328,520,,,,,1.0,0.0,0.0,0.0,2
80,280,320,520,,,,,1.0,0.0,0.0,0.0,2
88,280,312,520,,,,,1.0,0.0,0.0,0.0,2
96,280,304,520,,,,,1.0,0.0,0.0,0.0,2
104,280,296,520,,,,,1.0,0.0,0.0,0.0,2
112,280,288,520,,,,,1.0,0.0,0.0,0.0,2
120,280,280,520,,,,,1.0,0.0,0.0,0.0,2
128,280,272,520,,,,,1.0,0.0,0.0,0.0,2
136,280,264,520,,,,,1.0,0.0,0.0,0.0,2
144,280,256,520,,,,,1.0,0.0,0.0,0.0,2
152,280,248,520,,,,,1.0,0.0,0.0,0.0,2
160,280,240,520,0.0,0.0,0.0,1.0,1.0,0.0,0.0,0.0,3
160,288,240,512,0.0,0.0,0.0,1.0,0.0,1.0,0.0,0.0,3
160,296,240,504,0.0,0.0,0.0,1.0,0.0,1.0,0.0,0.0,3
160,304,240,496,0.0,0.0,0.0,1.0,0.0,1.0,0.0,0.0,3
160,312,240,488,0.0,0.0,0.0,1.0,0.0,1.0,0.0,0.0,3
160,320,240,480,0.0,0.0,0.0,1.0,0.0,1.0,0.0,0.0,3
160,328,240,472,0.0,0.0,0.0,1.0,0.0,1.0,0.0,0.0,3
160,336,240,464,0.0,0.0,0.0,1.0,0.0,1.0,0.0,0.0,3
160,344,240,456,0.0,0.0,0.0,1.0,0.0,1.0,0.0,0.0,3
160,352,240,448,0.0,0.0,0.0,1.0,0.0,1.0,0.0,0.0,3
160,360,240,440,0.0,0.0,0.0,1.0,0.0,1.0,0.0,0.0,3
160,368,240,432,0.0,0.0,0.0,1.0,0.0,1.0,0.0,0.0,3
160,376,240,424,0.0,0.0,0.0,1.0,0.0,1.0,0.0,0.0,3
160,384,240,416,0.0,0.0,0.0,1.0,0.0,1.0,0.0,0.0,3
160,392,240,408,0.0,0.0,0.0,1.0,0.0,1.0,0.0,0.0,3
160,400,240,400,0.0,0.0,0.0,1.0,0.0,1.0,0.0,0.0,3
160,408,240,392,0.0,0.0,0.0,1.0,0.0,1.0,0.0,0.0,3
160,416,240,384,0.0,0.0,0.0,1.0,0.0,1.0,0.0,0.0,3
160,424,240,376,0.0,0.0,0.0,1.0,0.0,1.0,0.0,0.0,3
160,432,240,368,0.0,0.0,0.0,1.0,0.0,1.0,0.0,0.0,3
160,440,240,360,0.0,0.0,0.0,1.0,0.0,1.0,0.0,0.0,3
160,448,240,352,0.0,0.0,0.0,1.0,0.0,1.0,0.0,0.0,3
160,456,240,344,0.0,0.0,0.0,1.0,0.0,1.0,0.0,0.0,3
160,464,240,336,0.0,0.0,0.0,1.0,0.0,1.0,0.0,0.0,3
160,472,240,328,0.0,0.0,0.0,1.0,0.0,1.0,0.0,0.0,3
160,480,240,320,0.0,0.0,0.0,1.0,0.0,1.0,0.0,0.0,3
160,488,240,312,0.0,0.0,0.0,1.0,0.0,1.0,0.0,0.0,3
160,496,240,304,0.0,0.0,0.0,1.0,0.0,1.0,0.0,0.0,3
160,504,240,296,0.0,0.0,0.0,1.0,0.0,1.0,0.0,0.0,3
160,512,240,288,0.0,0.0,0.0,1.0,0.0,1.0,0.0,0.0,3
160,520,240,280,0.0,0.0,0.0,1.0,0.0,1.0,0.0,0.0,3
160,528,240,272,0.0,0.0,0.0,1.0,0.0,1.0,0.0,0.0,3
160,536,240,264,0.0,0.0,0.0,1.0,0.0,1.0,0.0,0.0,3
160,544,240,256,0.0,0.0,0.0,1.0,0.0,1.0,0.0,0.0,3
160,552,240,248,0.0,0.0,0.0,1.0,0.0,1.0,0.0,0.0,3
160,560,240,240,0.0,0.0,0.0,1.0,0.0,1.0,0.0,0.0,3
160,568,240,232,0.0,0.0,0.0,1.0,0.0,1.0,0.0,0.0,3
160,576,240,224,0.0,0.0,0.0,1.0,0.0,1.0,0.0,0.0,0
152,576,248,224,,,,,0.0,0.0,1.0,0.0,0
144,576,256,224,,,,,0.0,0.0,1.0,0.0,0
136,576,264,224,,,,,0.0,0.0,1.0,0.0,0
128,576,272,224,,,,,0.0,0.0,1.0,0.0,0
120,576,280,224,,,,,0.0,0.0,1.0,0.0,0
112,576,288,224,,,,,0.0,0.0,1.0,0.0,0
104,576,296,224,,,,,0.0,0.0,1.0,0.0,0
96,576,304,224,,,,,0.0,0.0,1.0,0.0,0
88,576,312,224,0.0,1.0,0.0,0.0,0.0,0.0,1.0,0.0,1
88,568,312,232,0.0,1.0,0.0,0.0,0.0,0.0,0.0,1.0,1
88,560,312,240,0.0,1.0,0.0,0.0,0.0,0.0,0.0,1.0,1
88,552,312,248,0.0,1.0,0.0,0.0,0.0,0.0,0.0,1.0,1
88,544,312,256,0.0,1.0,0.0,0.0,0.0,0.0,0.0,1.0,1
88,536,312,264,0.0,1.0,0.0,0.0,0.0,0.0,0.0,1.0,1
88,528,312,272,0.0,1.0,0.0,0.0,0.0,0.0,0.0,1.0,1
88,520,312,280,0.0,1.0,0.0,0.0,0.0,0.0,0.0,1.0,1
88,512,312,288,0.0,1.0,0.0,0.0,0.0,0.0,0.0,1.0,1
88,504,312,296,0.0,1.0,0.0,0.0,0.0,0.0,0.0,1.0,1
88,496,312,304,0.0,1.0,0.0,0.0,0.0,0.0,0.0,1.0,1
88,488,312,312,0.0,1.0,0.0,0.0,0.0,0.0,0.0,1.0,1
88,480,312,320,0.0,1.0,0.0,0.0,0.0,0.0,0.0,1.0,1
88,472,312,328,0.0,1.0,0.0,0.0,0.0,0.0,0.0,1.0,1
88,464,312,336,0.0,1.0,0.0,0.0,0.0,0.0,0.0,1.0,1
88,456,312,344,0.0,1.0,0.0,0.0,0.0,0.0,0.0,1.0,1
88,448,312,352,0.0,1.0,0.0,0.0,0.0,0.0,0.0,1.0,1
88,440,312,360,0.0,1.0,0.0,0.0,0.0,0.0,0.0,1.0,1
88,432,312,368,0.0,1.0,0.0,0.0,0.0,0.0,0.0,1.0,1
88,424,312,376,0.0,1.0,0.0,0.0,0.0,0.0,0.0,1.0,1
88,416,312,384,0.0,1.0,0.0,0.0,0.0,0.0,0.0,1.0,1
88,408,312,392,0.0,1.0,0.0,0.0,0.0,0.0,0.0,1.0,1
88,400,312,400,0.0,1.0,0.0,0.0,0.0,0.0,0.0,1.0,1
88,392,312,408,0.0,1.0,0.0,0.0,0.0,0.0,0.0,1.0,1
88,384,312,416,0.0,1.0,0.0,0.0,0.0,0.0,0.0,1.0,1
88,376,312,424,0.0,1.0,0.0,0.0,0.0,0.0,0.0,1.0,1
88,368,312,432,0.0,1.0,0.0,0.0,0.0,0.0,0.0,1.0,1
88,360,312,440,0.0,1.0,0.0,0.0,0.0,0.0,0.0,1.0,1
88,352,312,448,0.0,1.0,0.0,0.0,0.0,0.0,0.0,1.0,1
88,344,312,456,0.0,1.0,0.0,0.0,0.0,0.0,0.0,1.0,1
88,336,312,464,0.0,1.0,0.0,0.0,0.0,0.0,0.0,1.0,1
88,328,312,472,0.0,1.0,0.0,0.0,0.0,0.0,0.0,1.0,1
88,320,312,480,0.0,1.0,0.0,0.0,0.0,0.0,0.0,1.0,1
88,312,312,488,0.0,1.0,0.0,0.0,0.0,0.0,0.0,1.0,1
88,304,312,496,0.0,1.0,0.0,0.0,0.0,0.0,0.0,1.0,1
88,296,312,504,0.0,1.0,0.0,0.0,0.0,0.0,0.0,1.0,1
88,288,312,512,0.0,1.0,0.0,0.0,0.0,0.0,0.0,1.0,1
88,280,312,520,0.0,1.0,0.0,0.0,0.0,0.0,0.0,1.0,1
88,272,312,528,0.0,1.0,0.0,0.0,0.0,0.0,0.0,1.0,1
88,264,312,536,0.0,1.0,0.0,0.0,0.0,0.0,0.0,1.0,1
88,256,312,544,0.0,1.0,0.0,0.0,0.0,0.0,0.0,1.0,1
88,248,312,552,0.0,1.0,0.0,0.0,0.0,0.0,0.0,1.0,1
88,240,312,560,0.0,1.0,0.0,0.0,0.0,0.0,0.0,1.0,1
88,232,312,568,0.0,1.0,0.0,0.0,0.0,0.0,0.0,1.0,1
88,224,312,576,0.0,1.0,0.0,0.0,0.0,0.0,0.0,1.0,1
88,216,312,584,0.0,1.0,0.0,0.0,0.0,0.0,0.0,1.0,1
88,208,312,592,0.0,1.0,0.0,0.0,0.0,0.0,0.0,1.0,1
88,200,312,600,0.0,1.0,0.0,0.0,0.0,0.0,0.0,1.0,1
88,192,312,608,0.0,1.0,0.0,0.0,0.0,0.0,0.0,1.0,1
88,184,312,616,0.0,1.0,0.0,0.0,0.0,0.0,0.0,1.0,1
88,176,312,624,0.0,1.0,0.0,0.0,0.0,0.0,0.0,1.0,1
88,168,312,632,0.0,1.0,0.0,0.0,0.0,0.0,0.0,1.0,1
88,160,312,640,0.0,1.0,0.0,0.0,0.0,0.0,0.0,1.0,1
88,152,312,648,0.0,1.0,0.0,0.0,0.0,0.0,0.0,1.0,1
88,144,312,656,0.0,1.0,0.0,0.0,0.0,0.0,0.0,1.0,1
88,136,312,664,0.0,1.0,0.0,0.0,0.0,0.0,0.0,1.0,1
88,128,312,672,0.0,1.0,0.0,0.0,0.0,0.0,0.0,1.0,1
88,120,312,680,0.0,1.0,0.0,0.0,0.0,0.0,0.0,1.0,1
88,112,312,688,0.0,1.0,0.0,0.0,0.0,0.0,0.0,1.0,1
88,104,312,696,0.0,1.0,0.0,0.0,0.0,0.0,0.0,1.0,1
88,96,312,704,0.0,1.0,0.0,0.0,0.0,0.0,0.0,1.0,0
80,96,320,704,,,,,0.0,0.0,1.0,0.0,0
72,96,328,704,0.0,0.0,0.0,1.0,0.0,0.0,1.0,0.0,3
72,104,328,696,0.0,0.0,0.0,1.0,0.0,1.0,0.0,0.0,3
72,112,328,688,0.0,0.0,0.0,1.0,0.0,1.0,0.0,0.0,3
72,120,328,680,0.0,0.0,0.0,1.0,0.0,1.0,0.0,0.0,3
72,128,328,672,0.0,0.0,0.0,1.0,0.0,1.0,0.0,0.0,3
72,136,328,664,0.0,0.0,0.0,1.0,0.0,1.0,0.0,0.0,3
72,144,328,656,0.0,0.0,0.0,1.0,0.0,1.0,0.0,0.0,3
72,152,328,648,0.0,0.0,0.0,1.0,0.0,1.0,0.0,0.0,3
72,160,328,640,0.0,0.0,0.0,1.0,0.0,1.0,0.0,0.0,3
72,168,328,632,0.0,0.0,0.0,1.0,0.0,1.0,0.0,0.0,3
72,176,328,624,0.0,0.0,0.0,1.0,0.0,1.0,0.0,0.0,3
72,184,328,616,0.0,0.0,0.0,1.0,0.0,1.0,0.0,0.0,3
72,192,328,608,0.0,0.0,0.0,1.0,0.0,1.0,0.0,0.0,3
72,200,328,600,0.0,0.0,0.0,1.0,0.0,1.0,0.0,0.0,3
72,208,328,592,0.0,0.0,0.0,1.0,0.0,1.0,0.0,0.0,3
72,216,328,584,0.0,0.0,0.0,1.0,0.0,1.0,0.0,0.0,3
72,224,328,576,0.0,0.0,0.0,1.0,0.0,1.0,0.0,0.0,3
72,232,328,568,0.0,0.0,0.0,1.0,0.0,1.0,0.0,0.0,3
72,240,328,560,0.0,0.0,0.0,1.0,0.0,1.0,0.0,0.0,3
72,248,328,552,0.0,0.0,0.0,1.0,0.0,1.0,0.0,0.0,3
72,256,328,544,0.0,0.0,0.0,1.0,0.0,1.0,0.0,0.0,3
72,264,328,536,0.0,0.0,0.0,1.0,0.0,1.0,0.0,0.0,3
72,272,328,528,0.0,0.0,0.0,1.0,0.0,1.0,0.0,0.0,3
72,280,328,520,0.0,0.0,0.0,1.0,0.0,1.0,0.0,0.0,2
80,280,320,520,,,,,1.0,0.0,0.0,0.0,2
88,280,312,520,,,,,1.0,0.0,0.0,0.0,2
96,280,304,520,,,,,1.0,0.0,0.0,0.0,2
104,280,296,520,,,,,1.0,0.0,0.0,0.0,2
112,280,288,520,,,,,1.0,0.0,0.0,0.0,2
120,280,280,520,,,,,1.0,0.0,0.0,0.0,2
128,280,272,520,,,,,1.0,0.0,0.0,0.0,2
136,280,264,520,,,,,1.0,0.0,0.0,0.0,2
144,280,256,520,,,,,1.0,0.0,0.0,0.0,2
152,280,248,520,,,,,1.0,0.0,0.0,0.0,2
160,280,240,520,,,,,1.0,0.0,0.0,0.0,2
168,280,232,520,,,,,1.0,0.0,0.0,0.0,2
176,280,224,520,,,,,1.0,0.0,0.0,0.0,2
184,280,216,520,0.0,1.0,0.0,0.0,1.0,0.0,0.0,0.0,1
184,272,216,528,0.0,1.0,0.0,0.0,0.0,0.0,0.0,1.0,1
184,264,216,536,0.0,1.0,0.0,0.0,0.0,0.0,0.0,1.0,1
184,256,216,544,0.0,1.0,0.0,0.0,0.0,0.0,0.0,1.0,1
184,248,216,552,0.0,1.0,0.0,0.0,0.0,0.0,0.0,1.0,1
184,240,216,560,0.0,1.0,0.0,0.0,0.0,0.0,0.0,1.0,1
184,232,216,568,0.0,1.0,0.0,0.0,0.0,0.0,0.0,1.0,1
184,224,216,576,0.0,1.0,0.0,0.0,0.0,0.0,0.0,1.0,1
184,216,216,584,0.0,1.0,0.0,0.0,0.0,0.0,0.0,1.0,1
184,208,216,592,0.0,1.0,0.0,0.0,0.0,0.0,0.0,1.0,1
184,200,216,600,0.0,1.0,0.0,0.0,0.0,0.0,0.0,1.0,1
184,192,216,608,0.0,1.0,0.0,0.0,0.0,0.0,0.0,1.0,1
184,184,216,616,0.0,1.0,0.0,0.0,0.0,0.0,0.0,1.0,1
184,176,216,624,0.0,1.0,0.0,0.0,0.0,0.0,0.0,1.0,1
184,168,216,632,0.0,1.0,0.0,0.0,0.0,0.0,0.0,1.0,1
184,160,216,640,0.0,1.0,0.0,0.0,0.0,0.0,0.0,1.0,1
184,152,216,648,0.0,1.0,0.0,0.0,0.0,0.0,0.0,1.0,1
184,144,216,656,0.0,1.0,0.0,0.0,0.0,0.0,0.0,1.0,1
184,136,216,664,0.0,1.0,0.0,0.0,0.0,0.0,0.0,1.0,1
184,128,216,672,0.0,1.0,0.0,0.0,0.0,0.0,0.0,1.0,1
184,120,216,680,0.0,1.0,0.0,0.0,0.0,0.0,0.0,1.0,1
184,112,216,688,0.0,1.0,0.0,0.0,0.0,0.0,0.0,1.0,1
184,104,216,696,0.0,1.0,0.0,0.0,0.0,0.0,0.0,1.0,1
184,96,216,704,0.0,1.0,0.0,0.0,0.0,0.0,0.0,1.0,0
176,96,224,704,,,,,0.0,0.0,1.0,0.0,0
168,96,232,704,,,,,0.0,0.0,1.0,0.0,0
160,96,240,704,,,,,0.0,0.0,1.0,0.0,0
152,96,248,704,,,,,0.0,0.0,1.0,0.0,0
144,96,256,704,,,,,0.0,0.0,1.0,0.0,0
136,96,264,704,,,,,0.0,0.0,1.0,0.0,0
128,96,272,704,,,,,0.0,0.0,1.0,0.0,0
120,96,280,704,,,,,0.0,0.0,1.0,0.0,0
112,96,288,704,,,,,0.0,0.0,1.0,0.0,0
104,96,296,704,,,,,0.0,0.0,1.0,0.0,0
96,96,304,704,,,,,0.0,0.0,1.0,0.0,0
88,96,312,704,,,,,0.0,0.0,1.0,0.0,0
80,96,320,704,0.0,0.0,0.0,1.0,0.0,0.0,1.0,0.0,3
80,104,320,696,0.0,0.0,0.0,1.0,0.0,1.0,0.0,0.0,3
80,112,320,688,0.0,0.0,0.0,1.0,0.0,1.0,0.0,0.0,3
80,120,320,680,0.0,0.0,0.0,1.0,0.0,1.0,0.0,0.0,3
80,128,320,672,0.0,0.0,0.0,1.0,0.0,1.0,0.0,0.0,3
